DELIVERY_DATE,HOUR_ENDING,SYSTEM_WIDE_GEN,COP_HSL_SYSTEM_WIDE,STWPF_SYSTEM_WIDE,WGRPP_SYSTEM_WIDE,GEN_PANHANDLE,COP_HSL_PANHANDLE,STWPF_PANHANDLE,WGRPP_PANHANDLE,GEN_COASTAL,COP_HSL_COASTAL,STWPF_COASTAL,WGRPP_COASTAL,GEN_SOUTH,COP_HSL_SOUTH,STWPF_SOUTH,WGRPP_SOUTH,GEN_WEST,COP_HSL_WEST,STWPF_WEST,WGRPP_WEST,GEN_NORTH,COP_HSL_NORTH,STWPF_NORTH,WGRPP_NORTH,SYSTEM_WIDE_HSL,DSTFlag
04/08/2025,18,9850.44,9906.7,11223.5,10306.2,1480.97,2380.2,2601.2,2481.3,1603.54,1042.6,1505.6,1363,17.26,106.9,38,4.7,6440.75,6011.7,6754.9,6204.5,307.92,365.3,323.8,252.7,11179.92,N
04/08/2025,19,11557.03,11788.2,12599.7,11619.9,1755.02,2210.3,2557.3,2432.5,2061.17,1621.3,2024.9,1867.4,81.99,208.5,120.3,69,7305.72,7267.5,7535.5,6961.1,353.13,480.6,361.7,289.9,12537.34,N
04/08/2025,20,12859.07,14277,13266.2,12242.1,1849.05,2184.5,1971.2,1845.7,2188.86,2034,2220.7,2061.3,292.7,462.8,265.3,188.6,7845.23,8813.6,8158.9,7582.4,683.23,782.1,650.1,564.1,12994.75,N
04/08/2025,21,17375.32,17802.5,17212,16077.6,1928.54,2451.2,1962.6,1829.2,2176.93,2107.8,2166.2,1995.8,1404.83,963.9,1263.7,1149.4,10423.26,11059.8,10436.9,9818.2,1441.76,1219.8,1382.6,1285,16880.15,N
04/08/2025,22,21925.12,20960.8,22952.6,21838.9,2041.11,2571.3,2683,2553.1,2160.76,2225.2,2206.2,2041.2,2398.24,1580.8,2483.3,2371.4,13207.22,12788.2,13503.5,12893.6,2117.79,1795.3,2076.6,1979.6,22653.52,N
04/08/2025,23,24220.94,24041.9,26110.7,25027.4,2283.85,2939.3,3237.8,3111.2,2096.41,2318,2100.1,1939.2,2768.55,2456.2,2837.9,2729.4,14749.91,14061.1,15509,14915.6,2322.22,2267.3,2425.9,2332,26116.57,N
04/08/2025,24,24819.43,26170.9,27785.8,26696.7,2373.62,3450.5,3566.7,3434.5,2156.18,2300.8,2174.8,2014.2,2815.1,2762.6,2904.3,2795.6,15106.62,15124.2,16553.5,15959.9,2367.91,2532.8,2586.5,2492.5,27868.76,N
04/09/2025,01,25012.49,27258,28183.3,27087.8,2448.92,3589.4,3586.5,3453.5,1994.04,2216.3,2036.2,1874.3,2727.28,2776.1,2769,2659.1,15386.38,16026.6,17117.5,16521.4,2455.87,2649.6,2674.1,2579.5,28338.92,N
04/09/2025,02,24840.84,27314.4,28123.5,27026.1,2447.42,3526.4,3640.8,3507.6,1773.88,2142.4,1802.3,1640.5,2754.54,2733.2,2762.5,2652.6,15431.91,16191.7,17265.2,16667.7,2433.09,2720.7,2652.7,2557.7,28379.79,N
04/09/2025,03,24197.57,26789.2,28026.2,26926.1,2458.36,3512,3797.7,3664.6,1440.35,1788.2,1472.8,1310.8,2646.42,2507.3,2637.4,2527.3,15253.1,16277.1,17471.3,16871.3,2399.34,2704.6,2647,2552.1,28317.8,N
04/09/2025,04,23932.35,26382.8,27918.3,26819.6,2500.79,3526.7,3878.3,3745,1275.81,1496.3,1264.7,1103.1,2627.02,2427.3,2611.5,2501.8,15113.99,16256.7,17524.7,16925.5,2414.74,2675.8,2639.1,2544.2,28228.29,N
04/09/2025,05,23768.97,25981.2,27685.6,26590.1,2436.99,3511,3827.9,3694.9,1357.28,1305.1,1316.3,1154.9,2549.9,2347.8,2557,2447.9,15067.44,16178,17333.7,16736.3,2357.36,2639.3,2650.7,2556.1,28086.13,N
04/09/2025,06,24079.55,25663.2,27396.1,26304.5,2443.26,3387.2,3686.6,3554.5,1616.35,1241.9,1586.9,1426,2571.03,2386.4,2562.7,2453.6,15210.02,16018.7,16933.9,16338.6,2238.89,2629,2626,2531.8,27697.96,N
04/09/2025,07,24548.8,25686.1,27368.5,26276.6,2345.66,3270.6,3477.4,3344.9,1803.7,1420.6,1748.1,1587,2659.48,2449.3,2654.9,2545.9,15473.03,15940.7,16854.6,16259.8,2266.93,2604.9,2633.5,2539,27679.46,N
04/09/2025,08,24689.33,25846,27612.8,26519.9,2473.37,3293.7,3539.5,3406.4,1995.91,1666.3,1993.3,1831.8,2774.86,2482,2775.1,2666,15218.01,15813.7,16668.5,16073.7,2227.18,2590.3,2636.4,2542,27974.75,N
04/09/2025,09,22487.96,24769.9,26752,25664.4,2231.12,3096,3443.2,3310.2,1681.7,1546.9,1777.8,1619,2599.63,2291.1,2723.8,2614.5,13892.36,15248.7,16220.4,15628.3,2083.15,2587.2,2586.8,2492.4,27145.5,N
04/09/2025,10,19964,23483.7,23563.3,22462.3,1969.25,2787.8,3096.7,2962.2,1095.83,1475.8,1158.3,994.8,2156.36,2077.6,2182.1,2071.3,12734.96,14602.8,14663.1,14066.3,2007.6,2539.7,2463.1,2367.7,24055.79,N
04/09/2025,11,19128.6,22452.6,23289.8,22184.6,1910.97,2852.8,3306.6,3170.6,1642.63,1566.6,2024.7,1858.6,2199.33,2033.8,2298.4,2186,11401.82,13500,13211.5,12617.9,1973.85,2499.4,2448.6,2351.5,23477.13,N
04/09/2025,12,17380.28,20451.8,21218.2,20075,1869.94,3004.7,3288.4,3147.1,1548.12,1492.3,1926.2,1754.7,1921.74,1875,2056.4,1939.5,10086.99,11621,11522.5,10909.9,1953.49,2458.8,2424.7,2323.8,21697.28,N
04/09/2025,13,14870.66,18760.9,18351.6,17202.1,1395.52,3042.1,3258,3116.7,1380.82,1718.3,1419.7,1248.3,1538.02,1734.3,1600.5,1484.1,8351.44,9829.5,9704.6,9085.1,2204.86,2436.7,2368.8,2267.9,18817.48,N
04/09/2025,14,12500.7,15512.2,15242.4,14138.7,1338.99,2905.5,3184.5,3048.5,1173.72,1360.5,1230.8,1066,1201.12,1433.2,1308.5,1196.6,6452.04,7440.7,7161.3,6567.1,2334.83,2372.3,2357.3,2260.5,15641.54,N
04/09/2025,15,11021.28,13229.8,12588.2,11603.4,1349.96,2768.4,2714.2,2593.2,1088.89,1159.1,1083.6,937.3,855.74,1174.1,927.1,827.4,5480.05,5821.6,5606,5074,2246.64,2306.6,2257.3,2171.5,12939.99,N
04/09/2025,16,10510.52,11346.8,11264.7,10346.9,1378.75,2379.6,2183.3,2070.1,1291.76,1261.7,1265.6,1128.1,691.52,982.2,711.7,618.7,4947.46,4479.5,4895.4,4401.7,2201.03,2243.8,2208.7,2128.3,11507.13,N
04/09/2025,17,10514.91,10745,10948.1,10045.1,1350.69,1781.6,1674.6,1564.4,1508.91,1510.6,1577.6,1444.3,676.58,848.7,692.4,601.5,4793.99,4530.6,4822.1,4332.2,2184.74,2073.5,2181.4,2102.7,11026.04,N
04/09/2025,18,10953.92,10485.9,11226.9,10311.5,1080.41,1286.2,1106.9,996.6,2186.02,1970.8,2302.7,2167.1,788.57,881.8,807.1,715.1,4815.93,4411.6,4926.7,4428.5,2082.99,1935.5,2083.5,2004.2,11246.95,N
04/09/2025,19,11052.97,11025.8,11431.5,10505.9,855.68,828.4,915.6,804.1,2638.96,2455,2826.8,2688.7,953.74,1057.1,939,845.3,4735.07,4789.1,4830.2,4328.7,1869.52,1896.2,1919.9,1839.1,11434.27,N
04/09/2025,20,11470.99,12584.4,12048.3,11094.1,611.99,568.3,646.3,529.1,2681.32,2826.3,2978.6,2832.3,1401.43,1458.7,1352.8,1253.2,5187.96,5881.7,5435.6,4930.1,1588.29,1849.4,1635,1549.4,11820.11,N
04/09/2025,21,14426.94,14861.6,14391.5,13321.6,685.39,732.7,706.6,571.4,2548.45,2981.6,2799.2,2631.6,2299.13,1969.3,2254.6,2140.6,7123.31,7195.8,6905.7,6346.7,1770.66,1982.2,1725.4,1631.3,14121.43,N
04/09/2025,22,17156.36,16900.3,17937.9,16790.4,823.66,956.4,902.7,761.1,2488.11,2959.6,2749.3,2577.5,2712.19,2531.1,2919,2802.6,9090.36,8453.4,9338.8,8721.4,2042.04,1999.8,2028.1,1927.8,17657.79,N
04/09/2025,23,17552.36,17218.2,18470.5,17324.4,1247.01,1354.5,1208.8,1068.4,2681.88,2761.3,2942.5,2771.7,2768.42,2820.9,2967.7,2852.3,8792.17,8391.5,9306.1,8684.5,2062.88,1890,2045.4,1947.5,18466.45,N
04/09/2025,24,15658.97,17152.9,16980.9,15837,1512.44,1440.5,1539.1,1400.2,2675.38,2811,3142.7,2973.7,2738.04,2870.5,2964.2,2849.4,6874.05,8178.3,7435,6811.5,1859.06,1852.6,1899.9,1802.2,17107.71,N
04/10/2025,01,13216.84,15874.3,14649.1,13561.6,1293.56,1436.7,1470.3,1337.6,2711.99,3010,3106.5,2944.8,2655.09,2769.9,2959.5,2850.4,4829.56,6874.2,5397,4802.2,1726.64,1783.5,1715.8,1626.6,14784.62,N
04/10/2025,02,11201.85,13636.1,12228.1,11264.1,1067.94,1224.2,1059.2,933,2490.3,2968.2,3012.9,2857.6,2574.49,2665.8,2836,2730.9,3283.59,5087.5,3542.5,3044.9,1785.53,1690.4,1777.5,1697.7,12457.78,N
04/10/2025,03,10786.33,11080.6,11704.4,10767.1,978.65,786.8,980.1,854.3,2423.86,2717.7,2922.9,2764.3,2544.78,2625.2,2742,2634.2,3027.46,3302,3259.3,2799,1811.58,1648.9,1800.1,1715.3,11815.66,N
04/10/2025,04,10413.19,10209.2,11132.2,10220,789.82,745.3,841.7,720.1,2371.85,2656.6,2702.1,2547.5,2470.92,2473.3,2641.2,2536.2,3046.8,2638.6,3190.3,2735.9,1733.8,1695.4,1756.9,1680.3,11173.4,N
04/10/2025,05,10597.63,10793.3,11328.6,10408.3,691.41,878.7,729.5,609.9,2342.68,2443.5,2521.6,2368.8,2350.82,2375.4,2484.5,2380.8,3486.74,3350.8,3846.4,3389.5,1725.98,1744.9,1746.6,1659.3,11246.24,N
04/10/2025,06,10435.61,10906.8,11079,10171,563.81,651.1,630.8,526.6,2317.91,2299.4,2455.1,2297,2363.47,2311.6,2454,2346.5,3614.44,3946.8,3952.1,3504.4,1575.98,1697.9,1587,1496.5,11120.06,N
04/10/2025,07,9814.13,10602.6,10256.6,9378.3,427.84,600,461.8,375.3,2315.55,2150.8,2423.9,2265.1,2304.21,2175.3,2400.6,2293.1,3274.67,4084.3,3503.9,3069.3,1491.86,1592.2,1466.4,1375.5,10436.26,N
04/10/2025,08,8903.96,9850.8,9549.7,8704.8,281.57,450.7,329.3,254.8,2136.59,2238,2401.4,2255.4,2258.65,2057.5,2342.1,2245.4,2924.68,3894.6,3168.2,2725.7,1302.47,1210,1308.7,1223.5,9642.5,N
04/10/2025,09,6944.45,7695.2,7562.8,6810.3,175.01,321.7,212.5,143.7,1544.26,1946.8,1881.4,1748.6,1820.39,1713,1907.3,1820.3,2466.3,2815.4,2594.5,2207,938.49,898.3,967.1,890.7,7754.05,N
04/10/2025,10,4671.59,5499.2,4718.6,4067.3,90.99,221.8,107,68,1630.5,1675.1,1510.5,1375.9,1322.95,1307.4,1328,1236.6,1124.8,1760,1274.1,945.6,502.35,534.9,499,441.2,4934.64,N
04/10/2025,11,4426.74,4622.4,4584.6,3936.6,177.69,245.4,175.1,120.7,1962.86,1761.5,2124.4,1975.1,911.2,988.2,969.9,869.1,995.08,1217.4,920.4,641.6,379.91,409.9,394.8,330.1,4598.2,N
04/10/2025,12,5133.64,4177,5013.4,4358.7,448.7,307.5,417.5,344.3,1294.84,1333.9,1336.7,1215.7,532.23,736.5,556.4,474.8,2576.09,1540,2412.1,2100.8,281.78,259.1,290.7,223.1,5006.78,N
04/10/2025,13,6365.27,4743.4,6316.3,5614,525.74,470.8,552.4,476.5,972.14,1301.6,996.9,887.2,385.12,520.5,386.4,312.5,4245.25,2228.9,4142.6,3763.1,237.02,221.6,238,174.7,6290.09,N
04/10/2025,14,7237.1,6121.9,7379.4,6635.9,588.17,581.9,582.9,493.1,860.38,925.9,865,751.9,321.81,329.6,311.1,235.6,5241.57,4001.1,5387.8,4980.7,225.17,283.4,232.6,174.6,7290.73,N
04/10/2025,15,7982.42,8060.5,8171.2,7396.4,725.45,694.7,753.5,657.4,1054.65,1151.6,1042.2,923.7,434.48,383.9,426.5,346.2,5445.03,5469.5,5644.8,5217.4,322.81,360.8,304.2,251.7,8043.1,N
04/10/2025,16,8341.67,8808.9,8605.7,7811,647.36,648.7,678.4,587.4,1382.84,1429.4,1390.5,1269.2,532.44,407.5,534.4,452,5176.53,5842.2,5433.7,4986.8,602.5,481.1,568.7,515.6,8429.89,N
04/10/2025,17,8775.03,9534.7,8925,8113.7,606.29,576.2,585.8,493.5,1922.71,1839.5,1902.1,1777.9,605.44,599.6,602.2,518.1,4932.87,5927.3,5113.8,4655.2,707.72,592.1,721.1,669,8844.9,N
04/10/2025,18,,9958,9566,8721.7,,535.6,657.2,561.3,,2189,2366.2,2237.5,,840.7,784.8,697.5,,5668.8,5034.8,4554.5,,723.9,723,670.9,,N
04/10/2025,19,,10657,10367.1,9475.2,,587.7,662.3,553.9,,2440.5,2435.4,2303.4,,1083.2,1053.2,963.9,,5766.5,5474.2,4978.1,,779.1,742,675.9,,N
04/10/2025,20,,11635.8,11847.8,10869.9,,718.5,761.2,642.8,,2384.9,2384.9,2241.1,,1388.8,1389.5,1292.1,,6307.2,6475.8,5934,,836.4,836.4,759.9,,N
04/10/2025,21,,14306.5,14727.6,13582.4,,953.7,1009.5,871.5,,2326.8,2326.8,2160,,1822.1,1822.1,1709.1,,8203,8568.3,7930.9,,1000.9,1000.9,910.9,,N
04/10/2025,22,,16665.5,17122.7,15909.7,,1232.9,1308.7,1163.3,,2244.8,2244.8,2068.4,,2156.3,2156.3,2036.2,,9874.5,10255.9,9580.8,,1157,1157,1061,,N
04/10/2025,23,,17346.1,17846.4,16580.5,,1452.8,1533.2,1381.6,,2098.7,2098.7,1914.4,,2186.4,2186.4,2061.2,,10368.4,10788.3,10085.2,,1239.8,1239.8,1138.1,,N
04/10/2025,24,,16913.4,17395.6,16040.7,,1541.4,1590.9,1428.2,,1962.8,1962.8,1765.7,,2092,2092,1958.3,,10169.4,10602.1,9850.2,,1147.8,1147.8,1038.3,,N
04/11/2025,01,,16003.7,16455.9,14986.3,,1453.8,1494.5,1318.8,,1890.5,1890.5,1677.3,,2002,2002,1857.2,,9637.9,10049.4,9233.8,,1019.5,1019.5,899.2,,N
04/11/2025,02,,14652.8,15087.2,13577.3,,1316.9,1356.7,1175.7,,1696.4,1696.4,1476.9,,1827.3,1827.3,1678.9,,8840.2,9234.8,8395.7,,972,972,850.1,,N
04/11/2025,03,,13423.6,13830.3,12331.9,,1250.7,1283.8,1104.6,,1417.7,1417.7,1199.8,,1614.1,1614.1,1466,,8108.6,8482.2,7648.1,,1032.5,1032.5,913.4,,N
04/11/2025,04,,12343,12738.5,11269.6,,1215.5,1251.2,1075.1,,1110.8,1110.8,897,,1381.5,1381.5,1236.8,,7489.7,7849.5,7033.4,,1145.5,1145.5,1027.3,,N
04/11/2025,05,,11295.2,11675.3,10263.6,,1167.6,1197.6,1028.8,,844.7,844.7,639.8,,1180.5,1180.5,1041.8,,6909.1,7259.2,6477.1,,1193.3,1193.3,1076.1,,N
04/11/2025,06,,10426.8,10780.9,9411.2,,1101.4,1125.3,961.3,,581.9,581.9,386.6,,1041.9,1041.9,907.5,,6441.1,6770.8,6010.8,,1260.5,1261,1145,,N
04/11/2025,07,,9377,9697.1,8372,,926,950.5,787.7,,351.2,351.2,186.2,,940,940,813.8,,5863.5,6159.1,5403.9,,1296.3,1296.3,1180.4,,N
04/11/2025,08,,8181.9,8404.9,7144.2,,775.2,796.1,637.6,,228.8,228.8,93.4,,843.4,843.4,725.6,,5124.7,5326.8,4590.8,,1209.8,1209.8,1096.8,,N
04/11/2025,09,,6407.9,6555.9,5449.7,,656.7,675.1,533.1,,144.5,144.5,43.8,,646.8,646.8,542.3,,4025.6,4155.2,3497.1,,934.3,934.3,833.4,,N
04/11/2025,10,,4726.7,4860.6,3896.8,,580.6,595.3,465.3,,59,59,4.3,,427.2,427.2,335,,3043.3,3162.5,2563.9,,616.6,616.6,528.3,,N
04/11/2025,11,,4872.6,5042.1,4051.5,,738.1,754.1,615,,29.7,29.7,0,,357.1,357.1,260,,3276.1,3429.6,2796,,471.6,471.6,380.5,,N
04/11/2025,12,,5669,5861.5,4787.7,,1071.1,1089.7,941.4,,48.6,48.6,1,,296.6,296.6,193.6,,3836.4,4010.3,3330.8,,416.3,416.3,320.9,,N
04/11/2025,13,,5736.7,5924.5,4830.9,,1351,1371.8,1228.4,,152.4,152.4,50.6,,260.9,260.9,158.3,,3662.5,3829.5,3171.3,,309.9,309.9,222.3,,N
04/11/2025,14,,5737.5,5921.5,4815,,1514,1536.2,1396.4,,368.6,368.6,226,,338,338,230.6,,3294,3455.8,2819.2,,222.9,222.9,142.8,,N
04/11/2025,15,,5946.1,6125.3,4984.6,,1597,1619.7,1477.4,,625.3,625.3,461.2,,463.1,463.1,349.8,,3072.6,3229.1,2586.3,,188.1,188.1,109.9,,N
04/11/2025,16,,6295.9,6478.1,5285.3,,1700.2,1724.4,1576.3,,867.2,867.2,688.4,,554.1,554.1,434.8,,2989.2,3147.2,2479.6,,185.2,185.2,106.2,,N
04/11/2025,17,,6811.6,7005.8,5736.5,,1877.2,1904.3,1747.4,,1069.2,1069.2,878.9,,645.4,645.4,516.9,,3034.9,3202,2490.3,,184.9,184.9,103,,N
04/11/2025,18,,7633,7856.3,6468.8,,2076.4,2108,1938.1,,1209.7,1209.7,1003.1,,788.4,788.4,648.5,,3353.2,3544.9,2763.5,,205.3,205.3,115.6,,N
04/11/2025,19,,8888.2,9141.7,7584.6,,2267.9,2305.5,2116.7,,1259.1,1259.1,1029.9,,1003.2,1003.2,847.9,,4063.4,4279.3,3403.6,,294.6,294.6,186.5,,N
04/11/2025,20,,10557.5,10857,9095.8,,2364.2,2407.6,2195.8,,1179.3,1179.3,921.9,,1329.7,1329.7,1155.2,,5190.5,5446.6,4462.4,,493.8,493.8,360.5,,N
04/11/2025,21,,13760.5,14116.3,12137.1,,2635.7,2685.7,2448.2,,1112.6,1112.6,826.8,,1759.2,1759.2,1563.5,,7408.3,7712.5,6609.9,,844.7,846.3,688.7,,N
04/11/2025,22,,17536.1,17962.5,15962,,3100.7,3150.7,2910.7,,1070.8,1070.8,782.7,,2040.6,2040.6,1843.1,,10106.1,10478.8,9364.3,,1217.9,1221.6,1061.2,,N
04/11/2025,23,,20243.3,20712.2,18626,,3442.9,3492.9,3242.9,,1023.8,1023.8,723.3,,2045.7,2045.7,1839,,12235.2,12648,11487.2,,1495.7,1501.8,1333.6,,N
04/11/2025,24,,21817.4,22310.6,20239.2,,3544.1,3594.1,3345.8,,984.5,984.5,686.2,,1937.5,1937.5,1732.8,,13664.3,14098.8,12946.7,,1687,1695.7,1527.7,,N
04/12/2025,01,,22355.2,23233.9,21138.7,,3364.3,3582.8,3331.6,,950.3,972.3,674.8,,1777.4,1874.8,1667.5,,14479.3,15010.6,13843.5,,1783.9,1793.4,1621.3,,N
04/12/2025,02,,22597.2,23453.6,21345.9,,3287.8,3494.6,3241.3,,946.9,946.9,652.6,,1740.1,1825.8,1617.5,,14781.3,15335.9,14159.1,,1841.1,1850.4,1675.4,,N
04/12/2025,03,,22371.5,23194.6,21057.5,,3180.7,3361.1,3103,,904.6,904.6,608.7,,1664.9,1733.4,1521.3,,14706.5,15269.4,14075.1,,1914.8,1926.1,1749.4,,N
04/12/2025,04,,21765.4,22539,20412.9,,3052.3,3213.6,2957.5,,847.3,847.3,547.7,,1557.2,1605,1394.9,,14361.9,14915.1,13727.9,,1946.7,1958,1784.9,,N
04/12/2025,05,,20960.4,21661.9,19511.4,,2871.9,3002.7,2744.8,,799.8,799.8,491.1,,1471.9,1502.4,1289.8,,13906.8,14438.7,13241.2,,1910,1918.3,1744.5,,N
04/12/2025,06,,20425.8,21042.1,18849.7,,2724.4,2832.7,2569.3,,771.8,771.8,457.8,,1459.8,1459.8,1243.5,,13616.7,14120.1,12898.4,,1853.1,1857.7,1680.7,,N
04/12/2025,07,,20189,20798.6,18585,,2667.5,2790.4,2524.7,,762.6,762.6,445,,1476.3,1476.3,1257.8,,13503.6,13986.2,12752.9,,1779,1783.1,1604.6,,N
04/12/2025,08,,20274.8,20826.1,18598.4,,2672.4,2832.1,2564.7,,750.7,750.7,432.9,,1485.1,1485.1,1264.5,,13656.8,14040.7,12798.8,,1709.8,1717.5,1537.5,,N
04/12/2025,09,,19889.3,20394.9,18157.9,,2695.6,2844.2,2574.5,,646.3,646.3,334.1,,1342.5,1342.5,1121.1,,13636.8,13985.1,12732.1,,1568.1,1576.8,1396.1,,N
04/12/2025,10,,19855.5,20375.3,18127.8,,2623.9,2803.8,2531.3,,592,592,281.2,,1178.7,1178.7,958.7,,14022.4,14352.4,13088.6,,1438.5,1448.4,1268,,N
04/12/2025,11,,21122.5,21723.6,19476.7,,2697,2906.4,2635.4,,701.5,701.5,384.4,,1216.2,1216.2,996.3,,14965.5,15344.8,14087.5,,1542.3,1554.7,1373.1,,N
04/12/2025,12,,22406.5,23047.8,20749.7,,2848.9,3052.1,2776.7,,829.3,834.9,503.5,,1366.4,1366.4,1140,,15645.7,16070.3,14791.3,,1716.2,1724.1,1538.2,,N
04/12/2025,13,,23469.3,24188,21848.1,,2932.7,3155.5,2875.3,,1075.8,1097,757.2,,1571.5,1601.1,1370.5,,16069.1,16511.1,15211.5,,1820.2,1823.3,1633.6,,N
04/12/2025,14,,24443.3,25257.3,22900.2,,3097.5,3333.3,3051.1,,1442.7,1487.8,1145.4,,1787.4,1861.5,1629.1,,16247.3,16704.9,15396.6,,1868.4,1869.8,1678,,N
04/12/2025,15,,25052.1,25906.5,23512,,3191.7,3425.3,3139.2,,1866.4,1933.9,1586.6,,1933.7,2024.7,1789.3,,16150,16612,15284.3,,1910.3,1910.6,1712.6,,N
04/12/2025,16,,25414.2,26340.3,23898.4,,3242.3,3462.4,3170.8,,2287.5,2382.4,2029.3,,1978.2,2111.2,1871.6,,15940.3,16418.4,15066.3,,1965.9,1965.9,1760.4,,N
04/12/2025,17,,25952.4,26929,24476.8,,3284.7,3493.8,3202,,2631.2,2752.8,2397.8,,2095.2,2244.7,2003.9,,15884.4,16380.8,15023.9,,2056.9,2056.9,1849.2,,N
04/12/2025,18,,26610.7,27643.2,25186.8,,3299.7,3499.3,3206.4,,2832.4,2971.4,2616.1,,2254.1,2429.3,2188.1,,16062.3,16579.5,15220.5,,2162.2,2163.7,1955.7,,N
04/12/2025,19,,26919.6,28032.6,25547.1,,3227.6,3410.4,3114.5,,2860.2,3058.9,2699.2,,2416,2619.5,2375.6,,16179.9,16704.6,15329,,2235.9,2239.2,2028.8,,N
04/12/2025,20,,27156.8,28297.4,25774.8,,3184.1,3361.2,3060.6,,2806.2,2995.3,2630.1,,2529.8,2764.2,2516.4,,16318.5,16853.4,15458,,2318.2,2323.3,2109.7,,N
04/12/2025,21,,27873.4,29096.2,26564.4,,3344.2,3544.6,3242.7,,2710.3,2880.8,2514,,2616.5,2879.1,2630.6,,16744.8,17328.9,15928.6,,2457.6,2462.8,2248.5,,N
04/12/2025,22,,28754.6,30052.9,27513.7,,3587,3816.8,3513.9,,2658.5,2815.1,2447.5,,2682.6,2968.2,2719,,17242.7,17864.3,16459.2,,2583.8,2588.5,2374.1,,N
04/12/2025,23,,29199.8,30511.7,27951.2,,3726.6,3970.1,3664.9,,2636,2776.8,2405.9,,2679.6,2969.7,2717.9,,17507.9,18140.9,16722.9,,2649.7,2654.2,2439.6,,N
04/12/2025,24,,29356.7,30663.6,28063.8,,3781.5,4025.6,3715.6,,2623.5,2762.5,2386.6,,2650.7,2925.3,2669.6,,17628.2,18269.6,16829.5,,2672.8,2680.6,2462.5,,N
04/13/2025,01,,29612.1,30770.6,28135,,3852.3,4071.8,3757.4,,2659,2748.2,2366.4,,2676.5,2891.9,2633.1,,17731.5,18362.7,16904.4,,2692.8,2696,2473.7,,N
04/13/2025,02,,29615.5,30778,28108.2,,3859.7,4084.8,3766.5,,2646.2,2737.8,2351.5,,2674.7,2884.4,2622,,17745.5,18378.7,16901.1,,2689.4,2692.3,2467.1,,N
04/13/2025,03,,29483.9,30570.6,27848.4,,3895.1,4055.7,3730.8,,2600.9,2694.6,2300.4,,2646.2,2847.4,2580,,17664.8,18293.3,16786.3,,2676.9,2679.6,2450.9,,N
04/13/2025,04,,29226.6,30292.6,27523.6,,3856.3,4020.9,3690.6,,2579.3,2671.6,2271,,2592.2,2781.1,2509.3,,17533.3,18151.1,16616.8,,2665.5,2667.9,2435.9,,N
04/13/2025,05,,28915.4,29988.8,27172.3,,3795.3,3965.3,3629.4,,2558.4,2644.6,2236.4,,2521.4,2734.1,2457.8,,17393.8,17995.9,16436.3,,2646.5,2648.9,2412.4,,N
04/13/2025,06,,28644,29683.8,26820,,3701.7,3881.9,3540.7,,2518.9,2598.6,2184.6,,2525.9,2721.2,2440.1,,17276.8,17857.1,16271.9,,2620.7,2625,2382.7,,N
04/13/2025,07,,28069.1,29349.2,26441.3,,3570.7,3765.9,3419,,2513.4,2601,2180.2,,2505.2,2716.6,2431.3,,16900.1,17669.4,16061.1,,2579.7,2596.3,2349.7,,N
04/13/2025,08,,27450.2,29041.6,26095.4,,3368.5,3615.1,3263.9,,2641.2,2747,2320.4,,2429.8,2698.6,2409.9,,16473.5,17403.4,15773.3,,2537.2,2577.5,2327.9,,N
04/13/2025,09,,26814.9,28364.3,25387.9,,3152.1,3413.2,3058.4,,2832.2,2932.6,2501.8,,2340.2,2559.7,2267.7,,15982.1,16905.7,15258.7,,2508.3,2553.1,2301.3,,N
04/13/2025,10,,26042.6,27521.8,24513,,2845.8,3084.5,2726,,3095.5,3211.4,2776.1,,2210.3,2423.9,2128.3,,15401.4,16264.3,14600,,2489.6,2537.7,2282.6,,N
04/13/2025,11,,25946.3,26693.8,23684.3,,2503.9,2656.8,2297.5,,3312.5,3447.2,3011.1,,2280.1,2465.3,2169.8,,15309.4,15580.8,13917.6,,2540.4,2543.7,2288.3,,N
04/13/2025,12,,24831,25493.2,22517.5,,2217.6,2337.5,1981.9,,3307.5,3439.6,3008,,2371.8,2560.3,2267.5,,14393.5,14612.8,12970,,2540.6,2543,2290.1,,N
04/13/2025,13,,23753.2,24385.6,21463.2,,2116.9,2225.7,1875.9,,3406.7,3544.2,3119.8,,2503.7,2717.8,2429.6,,13181.4,13350.7,11739.8,,2544.5,2547.2,2298.1,,N
04/13/2025,14,,22598.3,23213.4,20371.8,,2121.3,2215.9,1874.2,,3613.2,3767.5,3352.7,,2592,2825.6,2544.5,,11726.4,11856.5,10295.4,,2545.4,2547.9,2305,,N
04/13/2025,15,,21476.3,22076.2,19316.8,,2262.9,2353.3,2021.6,,3805.4,3974.5,3571.5,,2588.4,2815.3,2541.9,,10280.9,10391.8,8876.7,,2538.7,2541.3,2305.1,,N
04/13/2025,16,,20719.4,21302.2,18582.1,,2486.4,2578.5,2251.4,,3932.9,4112.1,3714.9,,2563.3,2769.6,2500.5,,9209.9,9313,7818.7,,2526.9,2529,2296.6,,N
04/13/2025,17,,20941.9,21562.4,18828.1,,2716.7,2813.9,2485.4,,3988.9,4174.2,3775.2,,2575,2778.3,2507.8,,9137.2,9270.2,7767.5,,2524.1,2525.8,2292.2,,N
04/13/2025,18,,21818.2,22611.6,19818,,2854.1,2963.1,2628.5,,3861.7,4144.8,3737.5,,2646.5,2864.5,2588.8,,9940.5,10122.1,8584,,2515.4,2517.1,2279.2,,N
04/13/2025,19,,22460.4,23272.4,20392.9,,2782,2866.1,2521.6,,3753.4,4025.2,3607.7,,2726.7,2953.9,2670.7,,10720.6,10948.1,9358.5,,2477.7,2479.1,2234.4,,N
04/13/2025,20,,22858.3,23675.5,20747.9,,2582.8,2632.8,2283.8,,3540.4,3787.5,3363.5,,2728.6,2961.8,2674.5,,11559.9,11846.2,10227.2,,2446.6,2447.2,2198.9,,N
04/13/2025,21,,24329.8,25223.3,22183.7,,2524.8,2560.3,2198.3,,3402.2,3626.3,3186.5,,2750.2,2997.2,2698.9,,13134.6,13520.7,11839.1,,2518,2518.8,2260.9,,N
04/13/2025,22,,26005.9,26963.7,23930.1,,2510.4,2542.7,2180.8,,3304.6,3507.3,3068,,2782.3,3043.7,2745.8,,14832.7,15289.3,13611.8,,2575.9,2580.7,2323.7,,N
04/13/2025,23,,26942.5,27925.7,24897,,2516.9,2540.8,2179.7,,3227.6,3414.6,2975.8,,2768.8,3035.2,2737.3,,15832.1,16327,14651.7,,2597.1,2608.1,2352.5,,N
04/13/2025,24,,27334,28347.4,25299,,2556.5,2579.2,2215.2,,3188.1,3368.6,2927,,2718.6,2973.4,2673.7,,16251.6,16792.9,15106.1,,2619.2,2633.3,2377,,N
04/14/2025,01,,27843.8,28675.2,25609.6,,2538.3,2649.9,2284.2,,3261.5,3328.8,2885.1,,2811.5,2912.2,2610.9,,16583.7,17130.9,15434.3,,2648.8,2653.4,2395.1,,N
04/14/2025,02,,27754.1,28600.8,25521.3,,2607.3,2722.9,2355.6,,3306.3,3375.6,2929.3,,2761.5,2871.9,2569.5,,16448,16995.6,15291.2,,2631,2634.8,2375.7,,N
04/14/2025,03,,27394.5,28199.6,25108.9,,2699.2,2813.7,2444.8,,3301.4,3350.8,2903.5,,2725.6,2836.8,2533.1,,16073.1,16600.8,14889.9,,2595.2,2597.5,2337.6,,N
04/14/2025,04,,27111.1,27879.4,24748.2,,2849.6,2968.7,2594.7,,3237.2,3284.9,2831.3,,2705.8,2799.1,2491.6,,15756.3,16264.1,14531,,2562.2,2562.6,2299.6,,N
04/14/2025,05,,26473.5,27249,24064,,2978.5,3114.7,2734.4,,3184.2,3230.1,2768.6,,2622.6,2736.6,2423.7,,15194.3,15673.7,13910.7,,2493.9,2493.9,2226.6,,N
04/14/2025,06,,25431.8,26142.1,22866.6,,3020.8,3191.4,2801,,3145.1,3188.9,2714.3,,2575.4,2644.2,2322.6,,14319.6,14746.5,12933.4,,2370.9,2371.1,2095.3,,N
04/14/2025,07,,24400.5,25051.3,21713.9,,3134,3283.5,2885.5,,3099.4,3140.9,2657.6,,2485.2,2551.5,2223.5,,13449.8,13842.2,11995.4,,2232.1,2233.2,1951.9,,N
04/14/2025,08,,23364.1,23892.1,20572.7,,3190.1,3356.1,2960.3,,3176.2,3217.6,2737,,2404.2,2456.2,2130.2,,12525,12793.6,10957.1,,2068.6,2068.6,1788.1,,N
04/14/2025,09,,22013.2,22497,19340.2,,3216.2,3392.4,3013.7,,3399.4,3448.5,2989.5,,2313.8,2361.2,2049.3,,11243,11454.1,9715.4,,1840.8,1840.8,1572.3,,N
04/14/2025,10,,20891.9,21362.7,18182.7,,3250.5,3436.7,3055.3,,3611.3,3672.5,3209.8,,2218.8,2262.8,1948.7,,10185.2,10364.6,8613.5,,1626.1,1626.1,1355.4,,N
04/14/2025,11,,19859.5,20347.4,17046.8,,3104.5,3324.6,2928.4,,3690.2,3756.6,3276,,2112.8,2150.8,1824.4,,9546.5,9709.9,7891.5,,1405.5,1405.5,1126.5,,N
04/14/2025,12,,19029.8,19462.9,16026.8,,2854.8,3046,2632.8,,3619.9,3682.3,3180.8,,1997.8,2024.5,1684.4,,9373.6,9526.4,7631.3,,1183.7,1183.7,897.5,,N
04/14/2025,13,,18308.6,18688,15112.7,,2618.7,2780.3,2350,,3544,3602.3,3079.3,,1873,1890.7,1536.1,,9292,9433.8,7459.5,,980.9,980.9,687.8,,N
04/14/2025,14,,18154.1,18497.7,14817.2,,2280.3,2400.6,1957.3,,3471.2,3533.8,2995,,1741.2,1755.9,1391,,9698.5,9844.5,7810,,962.9,962.9,663.9,,N
04/14/2025,15,,18319,18696.5,14956.4,,1983.7,2078.8,1628.5,,3515.8,3576.3,3028.7,,1708.3,1730.5,1359.5,,10006.7,10206.4,8139.5,,1104.5,1104.5,800.2,,N
04/14/2025,16,,18313.6,18687.8,14891.6,,1796.3,1872,1414.7,,3561.7,3626.9,3071.5,,1688.8,1712.3,1336.1,,10104.3,10314.1,8217,,1162.5,1162.5,852.3,,N
04/14/2025,17,,18568.8,18963.6,15142.2,,1897.5,1949.9,1494.5,,3466,3535.2,2981.7,,1740.5,1765.1,1389.8,,10282,10529.9,8403.1,,1182.8,1183.5,873.1,,N
04/14/2025,18,,19276,19815.5,16032.2,,1860.2,1913.7,1462.1,,3291.4,3451.6,2903.6,,1918.6,1942.2,1570.8,,10852.6,11149.4,9043.7,,1353.2,1358.6,1052,,N
04/14/2025,19,,20380.3,20941.7,17159,,1812,1864.2,1412.8,,3221.4,3372.9,2825,,2099.3,2122.7,1751.1,,11691.3,12015.8,9909.8,,1556.3,1566.1,1260.3,,N
04/14/2025,20,,21281,21864.8,18049.4,,1814.2,1865.9,1411,,3114.1,3246.4,2694.2,,2236.6,2273.6,1898.8,,12390.5,12742.8,10617.8,,1725.6,1736.1,1427.6,,N
04/14/2025,21,,21717.6,22314.4,18461.6,,1841.1,1893.7,1434,,2977.7,3081.5,2523.9,,2332.4,2387.7,2009.3,,12697.5,13075.8,10931.6,,1868.9,1875.7,1562.8,,N
04/14/2025,22,,22229.6,22836.3,18922.5,,1875.6,1929.1,1462.8,,2826.9,2902.9,2336.7,,2423.5,2495.5,2111.2,,13071.4,13472.5,11294.4,,2032.2,2036.3,1717.4,,N
04/14/2025,23,,22281.4,22881.5,18916.6,,1902.5,1956,1483.5,,2697.4,2756.9,2182.7,,2427.7,2504.8,2115.7,,13147,13556.6,11351.7,,2106.8,2107.2,1783,,N
04/14/2025,24,,21596.8,22177.6,18191.5,,1909.8,1971.2,1496.5,,2614.7,2665,2088.8,,2321.5,2380.7,1989.9,,12696.2,13106.1,10889.2,,2054.6,2054.6,1727.1,,N
04/15/2025,01,,20982.7,21502,17483.1,,1894.9,2001.6,1522.9,,2572.5,2572.5,1991.5,,2245.7,2248.4,1854.6,,12273.3,12683.2,10449.8,,1996.3,1996.3,1664.3,,N
04/15/2025,02,,19911.2,20420.4,16409.5,,1847.9,1947.2,1470.2,,2380.9,2380.9,1800.7,,2063.9,2063.9,1671.2,,11697,12104.7,9875.1,,1921.5,1923.7,1592.3,,N
04/15/2025,03,,18477.2,18955.8,14883.6,,1706.1,1783.9,1299,,2076.5,2076.5,1487.3,,1822.5,1822.5,1423.2,,11033.5,11433.1,9169.4,,1838.6,1839.8,1504.7,,N
04/15/2025,04,,17157,17610.2,13421.5,,1549,1615.3,1116.6,,1754.2,1754.2,1148.5,,1597.5,1597.5,1187.4,,10490,10876.9,8546.1,,1766.3,1766.3,1422.9,,N
04/15/2025,05,,15990.7,16435.8,12072.4,,1427.7,1490.3,969.3,,1473,1473,842,,1439,1444,1020.9,,9963.3,10340.8,7909.9,,1687.7,1687.7,1330.3,,N
04/15/2025,06,,15003.8,15436.5,10975.7,,1351.4,1417.4,885.6,,1269.5,1269.5,627.3,,1330.7,1330.7,893,,9453,9819.7,7336.7,,1599.2,1599.2,1233.1,,N
04/15/2025,07,,13941.2,14371.3,9945.3,,1263.5,1332.4,802.8,,1029.2,1029.2,408.4,,1180.8,1180.8,744.5,,8952.3,9313.5,6839.7,,1515.4,1515.4,1149.9,,N
04/15/2025,08,,13091,13433.9,9093.8,,1148.1,1219.7,716.7,,914.1,914.1,313.5,,1068.3,1068.3,634.1,,8573.2,8844.5,6386,,1387.3,1387.3,1043.5,,N
04/15/2025,09,,12682.3,13018,8711.4,,1145.5,1219.6,720.8,,957,957,358,,1020.7,1020.7,590.2,,8231.7,8493.3,6056,,1327.4,1327.4,986.4,,N
04/15/2025,10,,12296.6,12629.7,8375.7,,1140.9,1217.5,724.8,,1013.2,1013.2,419.7,,971.7,971.7,547.7,,7899.3,8155.8,5748.6,,1271.5,1271.5,934.9,,N
04/15/2025,11,,12166.8,12505.6,8270,,1200.4,1276.6,785.5,,1098.7,1098.7,506.1,,920.8,920.8,500.4,,7715.1,7977.7,5580.7,,1231.8,1231.8,897.3,,N
04/15/2025,12,,12372.8,12709.2,8405.5,,1330.1,1402.1,903.1,,1220.4,1220.4,617,,870.3,870.3,442.9,,7742.7,8007.1,5570.4,,1209.3,1209.3,872.1,,N
04/15/2025,13,,12578.9,12908.5,8526.9,,1449,1516.1,1007.9,,1345.7,1345.7,731.3,,819.2,819.2,383.4,,7777.3,8039.8,5557,,1187.7,1187.7,847.3,,N
04/15/2025,14,,12902.3,13223.8,8727.7,,1586.5,1644.6,1123.4,,1516.2,1516.2,885.6,,836.5,836.5,387.4,,7797.1,8060.5,5512.8,,1166,1166,818.5,,N
04/15/2025,15,,13347.7,13667.3,9034.6,,1741.4,1792,1255,,1744.1,1744.1,1093.9,,933.3,933.3,470.3,,7783.6,8052.6,5428.5,,1145.3,1145.3,786.9,,N
04/15/2025,16,,13765.5,14126.6,9372.7,,1856.8,1936.9,1385.8,,1974.2,1974.2,1307,,1029.6,1029.6,554.2,,7780.7,8061.7,5369.1,,1124.2,1124.2,756.6,,N
04/15/2025,17,,14437,14789.8,9875.5,,2038,2084.5,1514.9,,2122.1,2122.1,1432.9,,1217.2,1220.3,728.9,,7942.9,8246.1,5461.5,,1116.8,1116.8,737.3,,N
04/15/2025,18,,15325.2,15714.7,10621.4,,2189.2,2235.7,1645.2,,2172.1,2174.4,1459.3,,1510.8,1520.2,1010.9,,8329,8660.3,5773.4,,1124.1,1124.1,732.6,,N
04/15/2025,19,,16240,16641.3,11407.5,,2352.9,2399.8,1792.6,,2223.5,2225.4,1491.2,,1805.7,1814.7,1290.7,,8728.6,9072,6104,,1129.3,1129.4,729,,N
04/15/2025,20,,17033.1,17451.5,12208.8,,2482.6,2530.5,1922.2,,2152.6,2153,1417,,1985.4,1996.6,1472,,9235.9,9592.8,6619.6,,1176.6,1178.6,778,,N
04/15/2025,21,,17679.8,18112.3,12849.6,,2555,2604.7,1993.9,,1929.5,1929.5,1190.4,,2051.5,2059.9,1533.4,,9868.5,10238,7253.8,,1275.3,1280.2,878.1,,N
04/15/2025,22,,18285.8,18803.5,13551.4,,2560.8,2685.6,2076.4,,1701,1701,963.5,,2113.7,2120.8,1595.6,,10533.4,10912.4,7933.6,,1376.9,1383.7,982.3,,N
04/15/2025,23,,18811.6,19332.5,14051.2,,2605.4,2732.3,2119.8,,1552.2,1552.2,810.9,,2096.1,2103.5,1575.1,,11113.8,11494.1,8499.2,,1444.1,1450.4,1046.2,,N
04/15/2025,24,,19303.9,19756.6,14454.6,,2832.7,2882.6,2242,,1483,1493.4,753.6,,1991.3,1991.3,1464.2,,11533.9,11922,8931.7,,1463,1467.3,1063.1,,N
04/16/2025,01,,19591.1,20085.9,14751,,2853.7,2901.3,2257.1,,1428.3,1434.6,690.1,,1863.8,1878.3,1348,,11959.4,12385.8,9377.8,,1485.9,1485.9,1078,,N
04/16/2025,02,,19452.9,19946.3,14573,,2852.4,2896,2247.2,,1371.6,1375,625.5,,1761.3,1775.3,1240.8,,11980.3,12412.7,9382.7,,1487.3,1487.3,1076.8,,N
04/16/2025,03,,18809.2,19293.5,13924.3,,2812.4,2856.5,2208.6,,1329.2,1331.6,582.1,,1683.3,1693.8,1159.7,,11525.2,11950.8,8922.7,,1459.1,1460.8,1051.2,,N
04/16/2025,04,,18222.2,18691.7,13376.7,,2781.6,2827.4,2185,,1286.2,1288,546.6,,1605.3,1612.3,1083.3,,11115.7,11528.7,8530.9,,1433.4,1435.3,1030.9,,N
04/16/2025,05,,17869.2,18332.3,13026.6,,2726.7,2773.5,2132.3,,1279.5,1280.6,541.2,,1554.9,1559.7,1031.7,,10899,11306.8,8312.2,,1409.1,1411.7,1009.2,,N
04/16/2025,06,,17799.6,18255.4,12908.1,,2645.1,2691.9,2045.2,,1316.5,1317.3,572.1,,1536.6,1540.5,1008.8,,10915.9,11316.7,8297.7,,1385.5,1389,984.3,,N
04/16/2025,07,,17660.2,18194.1,12815.7,,2498.1,2620.1,1970,,1350.7,1351.5,602,,1514.5,1520.4,985.1,,10935,11335.8,8298.6,,1361.9,1366.3,960,,N
04/16/2025,08,,17935.6,18396,12978.3,,2468.9,2598.7,1943.1,,1430.5,1432.6,677.1,,1518.8,1525.4,985.9,,11154.1,11470.8,8413.3,,1363.3,1368.5,958.9,,N
04/16/2025,09,,18383,18844.3,13337.4,,2499.8,2635,1965.2,,1557.7,1564.7,791.1,,1555.2,1561,1009.4,,11372.8,11680.2,8588.7,,1397.5,1403.4,983,,N
04/16/2025,10,,18920.4,19385.8,13812.5,,2544,2684.3,2006.7,,1682.3,1694,910.8,,1588.8,1594,1036.3,,11670.4,11972.1,8844.3,,1434.9,1441.4,1014.4,,N
04/16/2025,11,,19427.2,19900.2,14288.2,,2581.8,2719.3,2036.8,,1832.3,1850.2,1061.9,,1613.5,1618,1056.6,,11924.6,12230.8,9081.8,,1475,1481.9,1051.1,,N
04/16/2025,12,,19880.9,20354.6,14727.5,,2599.2,2723.8,2039.6,,2012.2,2038.3,1247.8,,1629.3,1633,1069.9,,12124.3,12436.6,9279.6,,1515.9,1522.9,1090.6,,N
04/16/2025,13,,20361.6,20838.9,15163.6,,2624.9,2736.8,2046.9,,2185.6,2219.4,1422.3,,1643.2,1646.1,1078,,12351.6,12673.1,9489.1,,1556.3,1563.5,1127.3,,N
04/16/2025,14,,20712.1,21240.3,15470.8,,2575.9,2719.4,2018,,2375.1,2420.6,1610.4,,1716.7,1716.7,1139.3,,12448,12780.7,9544.6,,1596.4,1602.9,1158.5,,N
04/16/2025,15,,20994.3,21549.6,15710.5,,2537.8,2670.6,1960.8,,2577.5,2642.2,1822.4,,1840.7,1859.2,1275.7,,12405.2,12740,9465,,1633.1,1637.6,1186.6,,N
04/16/2025,16,,21304.8,21889.7,15941.7,,2517,2641.4,1919.2,,2777.6,2858.9,2024.4,,1969.2,2002.7,1407.4,,12370.5,12713.8,9378.1,,1670.5,1672.9,1212.6,,N
04/16/2025,17,,21475.3,22094.8,16057.5,,2479,2591.3,1858.3,,2935.7,3030.5,2183.5,,2081.6,2137.8,1534.4,,12277.2,12633.4,9248.1,,1701.8,1701.8,1233.2,,N
04/16/2025,18,,21542.2,22195.5,16099.6,,2418.8,2515.2,1779.6,,3031.4,3145.4,2295.5,,2190.9,2264.6,1659,,12177.9,12547.1,9113.1,,1723.2,1723.2,1252.4,,N
04/16/2025,19,,21508.8,22245.4,16091.2,,2364.3,2447.3,1704.5,,3061.2,3250.9,2393,,2306.6,2390.5,1779.1,,12039.5,12410.5,8944.2,,1737.2,1746.2,1270.4,,N
04/16/2025,20,,21599.8,22347.4,16108.7,,2324.2,2400.8,1647.9,,3049.7,3238.4,2368.5,,2357.2,2449.9,1830,,12074.3,12456.7,8942.9,,1794.4,1801.6,1319.4,,N
04/16/2025,21,,21786.4,22529.9,16180.2,,2302.9,2384.1,1618,,2919.7,3088.5,2203,,2337.1,2428.7,1798.1,,12336.4,12732.3,9155.6,,1890.3,1896.3,1405.5,,N
04/16/2025,22,,22008,22748.2,16248.5,,2289.7,2376.2,1592.3,,2775.6,2927,2020.4,,2315.7,2407.5,1762.2,,12632.8,13039.5,9377.8,,1994.2,1998,1495.8,,N
04/16/2025,23,,22152.1,22875.6,16223.7,,2257.4,2350.2,1547.6,,2628.3,2762.7,1835.6,,2279.1,2370.5,1708.8,,12901.8,13306.7,9559.9,,2085.5,2085.5,1571.8,,N
04/16/2025,24,,22197.8,22894.4,16153.4,,2214.1,2302.7,1489.3,,2484.9,2605.5,1665.9,,2232.2,2313,1643.5,,13113.4,13520,9722.3,,2153.2,2153.2,1632.4,,N
04/17/2025,01,,21246.1,22942.8,16085.5,,2097.9,2261.9,1434.6,,1868.3,2438.2,1482.4,,2028.1,2255.5,1574,,13078.9,13770,9907,,2172.9,2217.2,1687.5,,N
04/17/2025,02,,20754.7,22399.5,15549.7,,2021.4,2184.8,1358.2,,1771.4,2302.1,1346.6,,1956.2,2174.5,1493.9,,12839,13527.5,9668.9,,2166.7,2210.6,1682.1,,N
04/17/2025,03,,19675.3,21220.4,14520.3,,1925.5,2077,1268.7,,1703.9,2204.3,1269.7,,1867.6,2064.2,1398.1,,12101.5,12756.9,8982.2,,2076.8,2118,1601.6,,N
04/17/2025,04,,18678,20151.7,13604.9,,1818.9,1980.1,1189.9,,1637.2,2106.9,1193.2,,1774.8,1951.2,1300.7,,11462,12089.6,8401.4,,1985.1,2023.9,1519.7,,N
04/17/2025,05,,17665.2,19055.9,12728.1,,1730.5,1887.9,1123.9,,1568.8,2009.3,1126.6,,1678.3,1838.1,1209.5,,10800.7,11397.1,7830.9,,1886.9,1923.5,1437.2,,N
04/17/2025,06,,16627.3,17929.8,11794.2,,1648.3,1808.1,1067.4,,1496.5,1909.5,1053.3,,1592.1,1726.1,1115.9,,10113.3,10674.4,7217.4,,1777.1,1811.7,1340.2,,N
04/17/2025,07,,15635.1,16855.5,10869.7,,1569.5,1731.5,1008.4,,1420.3,1805,970.4,,1499.5,1611.3,1016.3,,9467.5,9996.8,6622.1,,1678.3,1710.9,1252.5,,N
04/17/2025,08,,14584.6,15662.4,9922.5,,1461.4,1616,922.9,,1403.7,1781.2,979.9,,1422.8,1519.5,948.5,,8746.5,9164.9,5929.9,,1550.2,1580.8,1141.3,,N
04/17/2025,09,,13393.9,14406.9,8984.2,,1333.3,1468.4,812,,1458.2,1854.3,1095.9,,1361.8,1452.1,912.3,,7851.8,8214.7,5162.7,,1388.8,1417.4,1001.3,,N
04/17/2025,10,,12407.1,13268.8,8202.8,,1273.2,1332.1,718.5,,1508.7,1924.8,1216.1,,1299.7,1383.6,878.9,,7084.4,7360.8,4511,,1241.1,1267.5,878.3,,N
04/17/2025,11,,11310.8,12130.7,7423.7,,1152.6,1200.3,630.5,,1537,1966.2,1307.6,,1219.1,1292.7,823.5,,6302.5,6548.1,3900.4,,1099.6,1123.4,761.7,,N
04/17/2025,12,,10208.9,10952.7,6676.6,,1037.9,1064.1,546,,1538.7,1969.7,1371.7,,1119.5,1176,749.8,,5554.4,5763.8,3359.1,,958.4,979.1,650,,N
04/17/2025,13,,9041.9,9712.9,5882.6,,913.2,917.3,453.5,,1534.5,1966.1,1429.9,,1010.6,1055.2,673.5,,4782.9,4956.4,2802.9,,800.7,817.9,522.8,,N
04/17/2025,14,,8472.8,9142.1,5537.2,,844.2,844.2,408.1,,1591.9,2050.5,1545.1,,968.4,1006.9,647.3,,4372.5,4529.5,2504,,695.8,711,432.7,,N
04/17/2025,15,,8577.9,9310.8,5632.7,,867.1,867.1,421.5,,1717.8,2237.4,1722.4,,1014.1,1057.7,690.9,,4295.9,4449,2382.2,,683,699.6,415.7,,N
04/17/2025,16,,8677,9483.1,5735.3,,888.4,888.4,434.7,,1843.6,2429,1904.2,,1054,1103.6,729.4,,4225.6,4379.8,2273.7,,665.4,682.3,393.3,,N
04/17/2025,17,,7401.8,9800,5942.4,,921,921,453.7,,1961.8,2604,2063.5,,902.1,1179.8,794.4,,3154.7,4411.4,2244.3,,462.2,683.8,386.5,,N
