Time,Coal and Lignite,Hydro,Nuclear,Power Storage,Solar,Wind,Natural Gas,Other
2025-04-10 00:04:57-05:00,7631.1171875,0.0,5064.47607421875,478.184326171875,0.138162419199944,14488.2255859375,16548.324062347412,0.0
2025-04-10 00:09:57-05:00,7603.865234375,0.0,5067.85498046875,420.324188232422,0.151078015565872,14292.46484375,16611.666267395012,0.0
2025-04-10 00:14:57-05:00,7612.78271484375,0.0,5065.01171875,226.937927246094,0.154491320252419,13965.8095703125,16794.4027671814,0.0
2025-04-10 00:19:57-05:00,7604.841796875,0.0,5066.90234375,177.439300537109,0.136588841676712,13760.1005859375,16847.910778045654,0.0
2025-04-10 00:24:57-05:00,7616.9755859375,0.0,5065.0732421875,305.092864990234,0.156295925378799,13396.7353515625,16913.264127731327,0.0
2025-04-10 00:29:57-05:00,7600.5263671875,0.0,5066.72802734375,283.408660888672,0.146348550915718,13071.1953125,16898.695343494415,0.0
2025-04-10 00:34:57-05:00,7620.52197265625,0.0,5064.38134765625,243.475433349609,0.142609938979149,12851.2431640625,16945.61198329925,0.0
2025-04-10 00:39:57-05:00,7617.71630859375,0.0,5066.1533203125,282.884704589844,0.155881851911545,12645.67578125,17114.84191989899,0.0
2025-04-10 00:44:57-05:00,7612.07080078125,0.0,5065.8935546875,199.679977416992,0.316951751708984,12404.7734375,17158.096645832058,0.0
2025-04-10 00:49:57-05:00,7610.4453125,0.0,5067.765625,245.831176757813,0.180383160710335,12298.88671875,17145.002422809604,0.0
2025-04-10 00:54:57-05:00,7608.54931640625,0.0,5065.31103515625,348.607940673828,0.125716373324394,12083.5810546875,17209.614613533024,0.0
2025-04-10 00:59:57-05:00,7632.76123046875,0.0,5065.62939453125,280.853820800781,0.142630308866501,11988.166015625,17149.305703163136,0.0
2025-04-10 01:04:57-05:00,7601.4111328125,0.0,5065.3720703125,158.694351196289,0.140951439738274,11686.037109375,17277.85141086579,0.0
2025-04-10 01:09:57-05:00,7595.685546875,0.0,5065.373046875,128.835678100586,0.140471562743187,11616.873046875,17305.082437515262,0.0
2025-04-10 01:14:57-05:00,7614.22216796875,0.0,5068.03173828125,216.875411987305,0.152786463499069,11487.181640625,17335.48423099517,0.0
2025-04-10 01:19:57-05:00,7618.5556640625,0.0,5067.03955078125,193.948684692383,0.140831232070923,11335.224609375,17413.191581726078,0.0
2025-04-10 01:24:57-05:00,7648.0830078125,0.0,5066.4228515625,126.531044006348,0.138972461223602,11193.306640625,17465.47936630249,0.0
2025-04-10 01:29:57-05:00,7668.955078125,0.0,5066.654296875,115.55265045166,0.152589038014412,11103.0947265625,17332.212574481975,0.0
2025-04-10 01:34:57-05:00,7694.3388671875,0.0,5064.74755859375,164.841247558594,0.156806796789169,11011.4931640625,17480.72636556625,0.0
2025-04-10 01:39:57-05:00,7722.15478515625,0.0,5066.1044921875,143.286849975586,0.149204939603806,10907.8408203125,17383.227603435516,0.0
2025-04-10 01:44:57-05:00,7726.9736328125,0.0,5064.51025390625,150.605895996094,0.14695531129837,10866.880859375,17271.33693504334,0.0
2025-04-10 01:49:57-05:00,7743.3720703125,0.0,5066.83935546875,119.810134887695,0.144129276275635,10855.83203125,17269.16177463532,0.0
2025-04-10 01:54:57-05:00,7730.55126953125,0.0,5066.03857421875,140.867050170898,0.272371202707291,10857.8662109375,17272.931802749623,0.0
2025-04-10 01:59:57-05:00,7768.96533203125,0.0,5066.8916015625,158.95100402832,0.280161470174789,10932.033203125,17455.445130348206,0.0
2025-04-10 02:04:57-05:00,7810.68359375,0.0,5066.19921875,94.058349609375,0.283078491687775,10909.2998046875,17483.29581546783,0.0
2025-04-10 02:09:57-05:00,7853.97265625,0.0,5065.185546875,128.485427856445,0.287327498197556,10872.103515625,17490.833960533146,0.0
2025-04-10 02:14:57-05:00,7868.5029296875,0.0,5067.86279296875,116.14608001709,0.279074609279633,10899.787109375,17444.340379714973,0.0
2025-04-10 02:19:57-05:00,7888.39990234375,0.0,5064.31591796875,102.548278808594,0.286662995815277,10908.3798828125,17466.102817535397,0.0
2025-04-10 02:24:57-05:00,7899.86474609375,0.0,5065.65673828125,104.628128051758,0.273297965526581,10809.1708984375,17322.051269531254,0.0
2025-04-10 02:29:57-05:00,7885.6650390625,0.0,5065.93408203125,102.098045349121,0.280725955963135,10837.11328125,17258.999589920048,0.0
2025-04-10 02:34:57-05:00,7877.88427734375,0.0,5064.71240234375,94.7838973999023,0.279479414224625,10862.7314453125,17079.84256744385,0.0
2025-04-10 02:39:57-05:00,7905.6494140625,0.0,5066.12158203125,106.706512451172,0.283722847700119,10762.2216796875,17015.044269561775,0.0
2025-04-10 02:44:57-05:00,7894.955078125,0.0,5066.8662109375,131.198287963867,0.280000030994415,10678.8994140625,16957.364379882816,0.0
2025-04-10 02:49:57-05:00,7886.14892578125,0.0,5067.931640625,103.757713317871,0.287277966737747,10649.6923828125,16964.579452514645,0.0
2025-04-10 02:54:57-05:00,7884.14697265625,0.0,5065.47412109375,116.078735351563,0.272835463285446,10552.6142578125,16937.688491821293,0.0
2025-04-10 02:59:57-05:00,7888.29736328125,0.0,5066.7802734375,115.471321105957,0.272233486175537,10471.4912109375,16889.025787353512,0.0
2025-04-10 03:04:57-05:00,7882.31787109375,0.0,5067.80810546875,120.283744812012,0.283994913101196,10430.6162109375,16629.474021911617,0.0
2025-04-10 03:09:57-05:00,7879.00048828125,0.0,5065.41748046875,129.945068359375,0.27296507358551,10402.73046875,16561.340339660645,0.0
2025-04-10 03:14:57-05:00,7888.607421875,0.0,5064.63720703125,309.767395019531,0.274227201938629,10370.3330078125,16756.407653808597,0.0
2025-04-10 03:19:57-05:00,7854.29931640625,0.0,5064.36181640625,246.649536132812,0.277081102132797,10300.2646484375,16602.50331115723,0.0
2025-04-10 03:24:57-05:00,7849.98095703125,0.0,5067.8955078125,194.297760009766,0.289073467254639,10416.7265625,16506.503936767578,0.0
2025-04-10 03:29:57-05:00,7812.9521484375,0.0,5066.84130859375,124.74666595459,0.273396044969559,10381.3037109375,16684.16802978516,0.0
2025-04-10 03:34:57-05:00,7777.6416015625,0.0,5065.14599609375,88.2400360107422,0.284237861633301,10410.466796875,16396.2742767334,0.0
2025-04-10 03:39:57-05:00,7706.068359375,0.0,5065.38623046875,67.011604309082,0.287223517894745,10418.0693359375,16482.207260131836,0.0
2025-04-10 03:44:57-05:00,7657.42333984375,0.0,5069.67724609375,31.1067142486572,0.273184388875961,10416.4091796875,16373.720901489269,0.0
2025-04-10 03:49:57-05:00,7572.5126953125,0.0,5066.37646484375,37.496898651123,0.276012182235718,10441.5205078125,16237.440658569338,0.0
2025-04-10 03:54:57-05:00,7613.671875,0.0,5066.24609375,62.2319107055664,0.279756754636765,10470.162109375,16204.00088500977,0.0
2025-04-10 03:59:57-05:00,7592.50048828125,0.0,5066.91357421875,80.1813583374023,0.275163322687149,10592.193359375,16317.45066833496,0.0
2025-04-10 04:04:57-05:00,7505.9296875,0.0,5064.41845703125,93.678596496582,0.273432374000549,10569.9609375,16282.877822875978,0.0
2025-04-10 04:09:57-05:00,7495.2021484375,0.0,5068.68798828125,133.421096801758,0.284312158823013,10614.8671875,16349.621276855463,0.0
2025-04-10 04:14:57-05:00,7595.8408203125,0.0,5066.67578125,63.7679977416992,0.277286499738693,10629.3251953125,16354.371414184576,0.0
2025-04-10 04:19:57-05:00,7475.2666015625,0.0,5066.6533203125,67.1929016113281,0.292451053857803,10695.3603515625,16257.237380981445,0.0
2025-04-10 04:24:57-05:00,7439.13720703125,0.0,5065.978515625,108.278205871582,0.283219993114471,10710.123046875,16282.386383056637,0.0
2025-04-10 04:29:57-05:00,7487.6806640625,0.0,5068.208984375,199.687225341797,0.275780469179153,10665.6640625,16388.711318969723,0.0
2025-04-10 04:34:57-05:00,7532.48828125,0.0,5067.17724609375,139.269195556641,0.284133732318878,10557.5673828125,16297.14451599121,0.0
2025-04-10 04:39:57-05:00,7625.7333984375,0.0,5066.205078125,69.5061492919922,0.293782949447632,10496.1318359375,16239.338882446287,0.0
2025-04-10 04:44:57-05:00,7626.14453125,0.0,5064.755859375,87.299919128418,0.309481173753738,10525.150390625,16446.73315429687,0.0
2025-04-10 04:49:57-05:00,7621.54833984375,0.0,5066.80615234375,30.8114433288574,0.278288543224335,10549.7490234375,16391.782653808586,0.0
2025-04-10 04:54:57-05:00,7617.7314453125,0.0,5066.3701171875,8.97227001190186,0.287077724933624,10586.265625,16471.734680175785,0.0
2025-04-10 04:59:57-05:00,7616.62841796875,0.0,5068.0771484375,28.2456130981445,0.294886976480484,10611.349609375,16559.84985351563,0.0
2025-04-10 05:04:57-05:00,7612.4501953125,0.0,5065.556640625,149.761627197266,0.290288358926773,10592.8701171875,16465.65577697754,0.0
2025-04-10 05:09:57-05:00,7694.0302734375,0.0,5066.96435546875,123.401496887207,0.293358623981476,10569.6416015625,16575.6964263916,0.0
2025-04-10 05:14:57-05:00,7781.19921875,0.0,5066.43408203125,115.994110107422,0.282498955726624,10661.587890625,16816.300354003914,0.0
2025-04-10 05:19:57-05:00,7821.08740234375,0.0,5065.0234375,146.568862915039,0.277976840734482,10545.19921875,16848.664276123047,0.0
2025-04-10 05:24:57-05:00,7850.01318359375,0.0,5065.96435546875,267.703369140625,0.266075819730759,10492.9375,16989.10530090332,0.0
2025-04-10 05:29:57-05:00,7895.951171875,0.0,5069.19580078125,265.812805175781,0.27251672744751,10428.7470703125,17131.502227783207,0.0
2025-04-10 05:34:57-05:00,7928.6171875,0.0,5066.2177734375,281.597564697266,0.277192205190659,10436.8955078125,17117.710540771495,0.0
2025-04-10 05:39:57-05:00,7960.47607421875,0.0,5068.66015625,362.006072998047,0.271406084299088,10336.6845703125,17300.35998535157,0.0
2025-04-10 05:44:57-05:00,7951.48583984375,0.0,5066.16845703125,511.134460449219,0.264412581920624,10317.861328125,17435.14498901366,0.0
2025-04-10 05:49:57-05:00,7982.32177734375,0.0,5066.61767578125,564.50048828125,0.283445626497269,10268.2099609375,17631.64288330077,0.0
2025-04-10 05:54:57-05:00,7972.3916015625,0.0,5069.162109375,692.276184082031,0.280636221170425,10196.822265625,17895.182357788086,0.0
2025-04-10 05:59:57-05:00,7965.1982421875,0.0,5067.5986328125,733.2802734375,0.275749146938324,9989.80078125,18019.990570068363,0.0
2025-04-10 06:04:57-05:00,7972.12646484375,0.0,5067.9501953125,1371.39965820312,0.280482083559036,10063.185546875,17799.60104370118,0.0
2025-04-10 06:09:57-05:00,7959.42529296875,0.0,5067.13720703125,1448.05395507813,0.267621755599976,9972.6962890625,18057.173767089855,0.0
2025-04-10 06:14:57-05:00,7979.3017578125,0.0,5065.48876953125,1653.64343261719,0.27437224984169,9855.970703125,18342.20678710938,0.0
2025-04-10 06:19:57-05:00,7972.58251953125,0.0,5066.1708984375,1842.44165039063,0.273060768842697,9789.5458984375,18488.73446655274,0.0
2025-04-10 06:24:57-05:00,7980.078125,0.0,5066.96923828125,1763.54626464844,0.2789146900177,9750.0244140625,18643.898300170906,0.0
2025-04-10 06:29:57-05:00,7996.1513671875,0.0,5067.73876953125,1894.15112304688,0.277243852615356,9647.03515625,18669.485733032227,0.0
2025-04-10 06:34:57-05:00,7993.28173828125,0.0,5068.5302734375,2098.13134765625,0.279759347438812,9710.98046875,18778.2477722168,0.0
2025-04-10 06:39:57-05:00,7972.89404296875,0.0,5066.61083984375,2255.11547851562,0.277442336082458,9791.31640625,18856.898162841797,0.0
2025-04-10 06:44:57-05:00,7970.18798828125,0.0,5067.02001953125,2366.29174804687,0.288936883211136,9809.4150390625,18835.67741394043,0.0
2025-04-10 06:49:57-05:00,7973.3505859375,0.0,5065.40380859375,2421.68359375,0.275068998336792,9791.458984375,18844.83459472657,0.0
2025-04-10 06:54:57-05:00,7977.51318359375,0.0,5066.59521484375,2660.37280273437,0.360575824975967,9750.6748046875,18904.660034179677,0.0
2025-04-10 06:59:57-05:00,7974.8369140625,0.0,5067.9892578125,2966.529296875,4.28437089920044,9638.9580078125,18968.333236694343,0.0
2025-04-10 07:04:57-05:00,7971.18505859375,28.1000003814697,5069.63623046875,3227.04248046875,23.1891231536865,9552.716796875,18967.21166992187,0.0
2025-04-10 07:09:57-05:00,7971.0791015625,27.9699993133545,5069.6669921875,3303.85913085938,69.7243728637695,9406.3486328125,19047.001937866207,0.0
2025-04-10 07:14:57-05:00,7982.25390625,27.8600006103516,5067.0234375,3238.03466796875,174.927505493164,9224.728515625,19152.793426513665,0.0
2025-04-10 07:19:57-05:00,7992.66259765625,28.0,5065.19580078125,2973.10107421875,378.764801025391,9100.931640625,19203.92337036134,0.0
2025-04-10 07:24:57-05:00,8006.2783203125,28.1599998474121,5066.95947265625,2817.55615234375,643.97314453125,8984.2041015625,19213.229171752933,0.0
2025-04-10 07:29:57-05:00,7989.1552734375,28.2600002288818,5067.42333984375,2557.93603515625,1067.50244140625,8900.3994140625,19195.12110900878,0.0
2025-04-10 07:34:57-05:00,7967.466796875,27.9200000762939,5068.07177734375,2227.94189453125,1672.9150390625,8780.22265625,19119.311683654792,0.0
2025-04-10 07:39:57-05:00,7946.8349609375,27.7099990844727,5067.28955078125,1634.56140136719,2358.03271484375,8688.6162109375,18998.55697631836,0.0
2025-04-10 07:44:57-05:00,7971.7158203125,28.1499996185303,5068.271484375,1109.25451660156,3294.95654296875,8596.9404296875,18744.300773620605,0.0
2025-04-10 07:49:57-05:00,7922.861328125,28.0200004577637,5070.658203125,800.422180175781,4281.7939453125,8411.7265625,18282.872619628906,0.0
2025-04-10 07:54:57-05:00,7871.03466796875,28.2800006866455,5068.82080078125,631.293518066406,5458.27978515625,8288.51953125,17693.65892982483,0.0
2025-04-10 07:59:57-05:00,7746.400390625,28.2199993133545,5068.14111328125,516.164672851562,6609.296875,8063.14892578125,17164.030151367184,0.0
2025-04-10 08:04:57-05:00,7582.95849609375,27.9699993133545,5066.00048828125,241.564575195313,8062.18310546875,8009.2607421875,16438.581932067867,0.0
2025-04-10 08:09:57-05:00,7467.68359375,28.1399993896484,5068.173828125,161.766906738281,9429.41015625,7976.1279296875,15733.12617111206,0.0
2025-04-10 08:14:57-05:00,7257.0009765625,27.8099994659424,5069.82421875,159.232360839844,10869.4111328125,7744.4130859375,14998.808161735538,0.0
2025-04-10 08:19:57-05:00,7048.9892578125,28.0400009155273,5067.58935546875,82.2854385375977,12367.2001953125,7564.92919921875,13950.105377197273,0.0
2025-04-10 08:24:57-05:00,6833.0185546875,28.2299995422363,5069.1796875,140.277801513672,13799.798828125,7272.64453125,12999.05465698243,0.0
2025-04-10 08:29:57-05:00,6655.25634765625,27.9099998474121,5067.46728515625,93.3173141479492,15267.9208984375,7076.97998046875,12114.522644042969,0.0
2025-04-10 08:34:57-05:00,6473.3251953125,27.8799991607666,5068.5126953125,121.549201965332,16518.505859375,6790.76416015625,11457.802764892578,0.0
2025-04-10 08:39:57-05:00,6321.30322265625,28.1499996185303,5066.75146484375,84.1637344360352,17758.736328125,6526.19482421875,10998.659194946289,0.0
2025-04-10 08:44:57-05:00,6104.66162109375,28.0699996948242,5068.58984375,48.1256217956543,19151.490234375,6254.697265625,10670.52407836914,0.0
2025-04-10 08:49:57-05:00,5872.080078125,28.0900001525879,5071.08837890625,53.5188446044922,20349.453125,5899.08056640625,10413.073150634766,0.0
2025-04-10 08:54:57-05:00,5698.41259765625,28.1800003051758,5069.03857421875,87.8123626708984,21195.208984375,5569.70361328125,10131.204391479492,0.0
2025-04-10 08:59:57-05:00,5470.85546875,28.0300006866455,5070.65966796875,92.6821517944336,22141.96875,5357.8955078125,9756.389373779299,0.0
2025-04-10 09:04:57-05:00,5375.75732421875,27.7199993133545,5069.8662109375,20.3878364562988,22749.34765625,5065.8623046875,9880.14958190918,0.0
2025-04-10 09:09:57-05:00,5293.79736328125,28.0100002288818,5068.18798828125,64.8711547851563,23231.056640625,4955.44482421875,9837.741149902344,0.0
2025-04-10 09:14:57-05:00,5207.29931640625,28.0,5069.27734375,125.9462890625,23543.904296875,4765.26953125,9723.451965332031,0.0
2025-04-10 09:19:57-05:00,5088.392578125,27.9500007629395,5068.46630859375,110.574600219727,23928.8203125,4612.41064453125,9801.272369384766,0.0
2025-04-10 09:24:57-05:00,5019.6923828125,28.0300006866455,5068.41455078125,91.9720458984375,24182.310546875,4585.97607421875,9852.22868347168,0.0
2025-04-10 09:29:57-05:00,4948.45263671875,28.0699996948242,5066.59130859375,122.972213745117,24424.970703125,4546.90966796875,9805.344940185547,0.0
2025-04-10 09:34:57-05:00,4930.61376953125,27.9200000762939,5068.16796875,180.535781860352,24638.15234375,4521.07421875,9849.259826660156,0.0
2025-04-10 09:39:57-05:00,4928.296875,28.1499996185303,5068.30126953125,115.837127685547,24714.193359375,4504.17236328125,9746.964691162111,0.0
2025-04-10 09:44:57-05:00,5009.17138671875,27.9200000762939,5067.4775390625,51.5570411682129,24850.615234375,4484.6015625,9629.471069335938,0.0
2025-04-10 09:49:57-05:00,5000.25341796875,28.1399993896484,5068.591796875,35.4849891662598,24972.095703125,4515.45361328125,9633.812133789062,0.0
2025-04-10 09:54:57-05:00,5002.49755859375,28.2999992370605,5067.5576171875,13.9658823013306,25089.02734375,4506.14892578125,9601.60171508789,0.0
2025-04-10 09:59:57-05:00,5011.0869140625,0.0,5068.8505859375,51.2620086669922,25078.310546875,4465.77001953125,9588.250747680666,0.0
2025-04-10 10:04:57-05:00,5031.234375,0.0,5067.14892578125,78.0850372314453,25225.142578125,4424.79052734375,9546.34599304199,0.0
2025-04-10 10:09:57-05:00,5052.45556640625,0.0,5065.81201171875,80.9701843261719,25258.185546875,4419.47900390625,9573.695770263672,0.0
2025-04-10 10:14:57-05:00,5049.08447265625,0.0,5069.14501953125,134.342239379883,25161.44921875,4464.21630859375,9535.22004699707,0.0
2025-04-10 10:19:57-05:00,5032.09130859375,0.0,5069.2529296875,224.348037719727,25051.529296875,4479.185546875,9595.568344116211,0.0
2025-04-10 10:24:57-05:00,5027.7333984375,0.0,5068.39111328125,240.391204833984,25138.248046875,4464.75927734375,9605.457000732422,0.0
2025-04-10 10:29:57-05:00,4985.04248046875,0.0,5068.33154296875,184.821075439453,25158.447265625,4442.3505859375,9624.985641479492,0.0
2025-04-10 10:34:57-05:00,4935.90283203125,0.0,5068.330078125,155.583602905273,25248.66796875,4369.68359375,9634.356506347656,0.0
2025-04-10 10:39:57-05:00,4892.36376953125,0.0,5066.396484375,133.757461547852,25613.45703125,4338.8564453125,9615.295410156252,0.0
2025-04-10 10:44:57-05:00,4896.62890625,0.0,5065.78955078125,138.902740478516,25551.509765625,4382.6728515625,9601.33020019531,0.0
2025-04-10 10:49:57-05:00,4894.60791015625,0.0,5066.62109375,193.322463989258,25426.7890625,4386.77685546875,9619.969528198242,0.0
2025-04-10 10:54:57-05:00,4878.31591796875,0.0,5065.56884765625,302.332183837891,25380.08203125,4470.580078125,9612.662872314453,0.0
2025-04-10 10:59:57-05:00,4870.21240234375,0.0,5067.95458984375,157.244918823242,25331.8671875,4559.35107421875,9585.536712646484,0.0
2025-04-10 11:04:57-05:00,4877.92578125,0.0,5067.986328125,49.2997131347656,25523.4765625,4610.03564453125,9604.60269165039,0.0
2025-04-10 11:09:57-05:00,4892.66552734375,0.0,5070.17431640625,96.6044082641602,25469.318359375,4664.880859375,9557.284756422043,0.0
2025-04-10 11:14:57-05:00,4895.6865234375,0.0,5067.08056640625,142.866821289062,25463.412109375,4772.22607421875,9582.789503097534,0.0
2025-04-10 11:19:57-05:00,4876.40576171875,0.0,5065.490234375,30.5822105407715,25468.501953125,4904.43505859375,9597.2533159256,0.0
2025-04-10 11:24:57-05:00,4879.64794921875,0.0,5066.7568359375,47.1850624084473,25511.580078125,5082.96484375,9583.783988952637,0.0
2025-04-10 11:29:57-05:00,4893.1669921875,0.0,5066.5380859375,45.6589126586914,25674.521484375,5143.6025390625,9371.87400817871,0.0
2025-04-10 11:34:57-05:00,4864.42236328125,0.0,5066.2763671875,247.456573486328,25553.486328125,5202.962890625,9320.0146484375,0.0
2025-04-10 11:39:57-05:00,4870.88134765625,0.0,5065.63916015625,57.4619178771973,25667.9921875,5161.10986328125,9452.982543945312,0.0
2025-04-10 11:44:57-05:00,4903.46923828125,0.0,5065.65966796875,75.9055786132813,25820.896484375,5411.3564453125,9337.778030395508,0.0
2025-04-10 11:49:57-05:00,4882.7783203125,0.0,5067.1396484375,76.6667938232422,26037.1875,5599.3154296875,9240.82209777832,0.0
2025-04-10 11:54:57-05:00,4783.75732421875,0.0,5064.6875,85.7013854980469,25998.482421875,5757.0927734375,9076.921905517578,0.0
2025-04-10 11:59:57-05:00,4684.96240234375,0.0,5065.64013671875,60.8680953979492,26263.49609375,5799.6396484375,8935.378677368166,0.0
2025-04-10 12:04:57-05:00,4595.830078125,0.0,5065.79638671875,145.491958618164,26047.6328125,5918.20849609375,9047.7529296875,0.0
2025-04-10 12:09:57-05:00,4517.0380859375,0.0,5065.587890625,161.345230102539,26107.369140625,5920.7705078125,9055.52816772461,0.0
2025-04-10 12:14:57-05:00,4484.01904296875,0.0,5065.55029296875,121.501518249512,26214.615234375,6011.61962890625,9030.891998291016,0.0
2025-04-10 12:19:57-05:00,4411.40576171875,0.0,5066.74951171875,221.039657592773,26320.83984375,6091.859375,9058.333099365234,0.0
2025-04-10 12:24:57-05:00,4466.6015625,0.0,5067.54638671875,172.439193725586,26268.037109375,6174.435546875,9164.400924682617,0.0
2025-04-10 12:29:57-05:00,4532.72119140625,0.0,5067.10595703125,174.227111816406,26262.681640625,6404.38623046875,9193.737335205078,0.0
2025-04-10 12:34:57-05:00,4586.80419921875,0.0,5067.6591796875,108.19506072998,26370.29296875,6545.4091796875,9101.892761230469,0.0
2025-04-10 12:39:57-05:00,4623.27734375,0.0,5064.87158203125,161.561218261719,26310.220703125,6662.6142578125,9112.708999633789,0.0
2025-04-10 12:44:57-05:00,4687.10693359375,0.0,5066.9453125,173.4306640625,26252.19921875,6621.3369140625,9268.127700805664,0.0
2025-04-10 12:49:57-05:00,4732.3232421875,0.0,5065.73876953125,185.547744750977,26336.75,6884.64453125,9156.640243530273,0.0
2025-04-10 12:54:57-05:00,4808.0546875,0.0,5064.97607421875,122.805389404297,26240.658203125,6875.865234375,9019.081604003906,0.0
2025-04-10 12:59:57-05:00,4839.59619140625,0.0,5064.66748046875,222.428009033203,26364.060546875,6869.25439453125,9027.748809814453,0.0
2025-04-10 13:04:57-05:00,4938.296875,0.0,5065.03173828125,201.128158569336,26514.470703125,6950.1572265625,9322.114776611328,0.0
2025-04-10 13:09:57-05:00,4991.3955078125,0.0,5065.953125,104.455963134766,26453.53125,7082.1669921875,9321.254974365234,0.0
2025-04-10 13:14:57-05:00,5041.876953125,0.0,5068.12646484375,93.9874572753906,26317.39453125,7169.3564453125,9337.903991699219,0.0
2025-04-10 13:19:57-05:00,5073.00146484375,0.0,5063.96484375,76.9364624023438,26312.37890625,7150.205078125,9303.911163330078,0.0
2025-04-10 13:24:57-05:00,5151.6611328125,0.0,5066.40771484375,93.3669586181641,26417.015625,7134.00830078125,9477.166519165039,0.0
2025-04-10 13:29:57-05:00,5162.33740234375,0.0,5064.55517578125,100.227172851563,26473.921875,7219.3642578125,9662.460418701172,0.0
2025-04-10 13:34:57-05:00,5203.12646484375,0.0,5064.64306640625,224.947006225586,26392.4140625,7216.24072265625,9730.996795654299,0.0
2025-04-10 13:39:57-05:00,5278.9931640625,0.0,5065.47119140625,219.304077148437,26445.9375,7266.12646484375,9764.39405822754,0.0
2025-04-10 13:44:57-05:00,5422.26953125,0.0,5065.0986328125,189.674209594727,26360.9765625,7354.3671875,9819.971298217773,0.0
2025-04-10 13:49:57-05:00,5446.50927734375,0.0,5065.224609375,155.566284179688,26385.263671875,7512.31787109375,9842.16502380371,0.0
2025-04-10 13:54:57-05:00,5486.4296875,0.00999999977648258,5063.7626953125,174.596237182617,26351.765625,7591.9736328125,9878.772685527802,0.0
2025-04-10 13:59:57-05:00,5437.208984375,0.0,5062.9794921875,192.749633789063,26449.0546875,7554.35302734375,9744.52158498764,0.0
2025-04-10 14:04:57-05:00,5380.8154296875,0.0,5063.1845703125,240.727020263672,26433.921875,7665.93896484375,9959.85842180252,0.0
2025-04-10 14:09:57-05:00,5434.39111328125,0.0,5061.787109375,303.950653076172,26336.73046875,7633.34326171875,10161.562264919283,0.0
2025-04-10 14:14:57-05:00,5508.1484375,0.0,5063.74951171875,203.218673706055,26356.896484375,7787.4521484375,10213.005924224854,0.0
2025-04-10 14:19:57-05:00,5496.88720703125,0.0,5062.1513671875,174.637405395508,26329.74609375,7889.22265625,10253.019123077393,0.0
2025-04-10 14:24:57-05:00,5457.39111328125,0.0,5063.4599609375,171.594253540039,26562.712890625,8008.82470703125,10264.7337372303,0.0
2025-04-10 14:29:57-05:00,5518.20947265625,0.0,5063.29248046875,13.8261375427246,26410.283203125,8033.4697265625,10527.38623380661,0.0
2025-04-10 14:34:57-05:00,5615.48828125,19.0,5062.2177734375,230.591278076172,26441.3984375,8133.88232421875,10445.80236530304,0.0
2025-04-10 14:39:57-05:00,5704.5849609375,0.0,5063.412109375,56.130989074707,26480.685546875,8108.99658203125,10672.933197975157,0.0
2025-04-10 14:44:57-05:00,5767.54736328125,0.0,5062.37646484375,77.1817855834961,26453.7890625,8195.458984375,10662.80574417114,0.0
2025-04-10 14:49:57-05:00,5834.55322265625,0.0,5063.41064453125,144.146636962891,26486.35546875,8238.615234375,10752.22161102295,0.0
2025-04-10 14:54:57-05:00,5958.6748046875,0.0,5061.97314453125,44.1409111022949,26463.5546875,8115.2861328125,11011.838906288149,0.0
2025-04-10 14:59:57-05:00,5875.00537109375,0.0,5060.9033203125,21.7328758239746,26599.494140625,8301.5400390625,11158.371012687683,0.0
2025-04-10 15:04:57-05:00,5743.189453125,0.0,5060.986328125,57.335750579834,26443.326171875,8369.3759765625,11241.68998527527,0.0
2025-04-10 15:09:57-05:00,5737.1533203125,0.0,5062.7939453125,267.933990478516,26503.7109375,8328.0458984375,11336.698890686035,0.0
2025-04-10 15:14:57-05:00,5759.23291015625,0.0,5061.09814453125,248.584930419922,26477.341796875,8317.029296875,11541.479970932009,0.0
2025-04-10 15:19:57-05:00,5894.71142578125,0.0,5060.46240234375,24.909631729126,26710.888671875,8283.8583984375,11808.399982452393,0.0
2025-04-10 15:24:57-05:00,5981.7763671875,0.0,5060.2802734375,27.1578922271729,26511.751953125,8447.7119140625,11956.792045593262,0.0
2025-04-10 15:29:57-05:00,5905.30810546875,0.0,5064.2919921875,122.575386047363,26456.8671875,8315.443359375,12054.688907623291,0.0
2025-04-10 15:34:57-05:00,5872.826171875,0.0,5061.6259765625,97.894401550293,26510.814453125,8143.3671875,12250.358927726746,0.0
2025-04-10 15:39:57-05:00,5898.80224609375,0.0,5060.58544921875,197.763717651367,26464.037109375,8315.4931640625,12525.1522102356,0.0
2025-04-10 15:44:57-05:00,5867.62548828125,0.0,5061.48876953125,123.716812133789,26349.873046875,8273.4345703125,12747.15851783753,0.0
2025-04-10 15:49:57-05:00,5920.9423828125,0.0,5058.70654296875,109.908630371094,26402.595703125,8313.4658203125,12880.782540321356,0.0
2025-04-10 15:54:57-05:00,5991.177734375,0.0,5062.29296875,88.2970123291016,26317.234375,8525.9931640625,13028.01831436157,0.0
2025-04-10 15:59:57-05:00,5994.2783203125,0.0,5061.21923828125,252.456481933594,26200.728515625,8516.4462890625,13119.095632553095,0.0
2025-04-10 16:04:57-05:00,6005.95556640625,0.0,5059.7236328125,204.761337280273,26383.962890625,8472.78515625,13182.077487945555,0.0
2025-04-10 16:09:57-05:00,5983.20361328125,0.0,5059.2607421875,206.57243347168,26305.189453125,8598.16796875,13422.641905784605,0.0
2025-04-10 16:14:57-05:00,6077.9140625,0.0,5056.3466796875,329.624267578125,25973.458984375,8611.060546875,13694.56499862671,0.0
2025-04-10 16:19:57-05:00,6126.96923828125,0.0,5059.388671875,101.974212646484,26012.390625,8541.14453125,13842.61360359192,0.0
2025-04-10 16:24:57-05:00,6130.59912109375,0.0,5060.32763671875,102.942222595215,25900.322265625,8743.9365234375,13985.976610183712,0.0
2025-04-10 16:29:57-05:00,6185.40771484375,0.0,5057.4853515625,146.113800048828,25863.984375,8643.7470703125,14007.125396728514,0.0
2025-04-10 16:34:57-05:00,6157.4228515625,0.0,5058.77734375,192.323959350586,25965.634765625,8871.1142578125,14123.488292694092,0.0
2025-04-10 16:39:57-05:00,6208.65185546875,0.0,5060.46875,204.295288085937,25873.6953125,8870.994140625,14338.152858257292,0.0
2025-04-10 16:44:57-05:00,6246.57470703125,0.0,5059.08740234375,181.138549804688,25555.216796875,9020.0048828125,14512.020319581032,0.0
2025-04-10 16:49:57-05:00,6324.16259765625,0.0,5060.0654296875,277.389770507813,25658.583984375,9040.4287109375,14497.029681921009,0.0
2025-04-10 16:54:57-05:00,6364.64453125,0.0,5058.19970703125,185.849914550781,25452.896484375,9052.9541015625,14554.957574129105,0.0
2025-04-10 16:59:57-05:00,6349.544921875,0.0,5060.10205078125,246.522827148438,25270.646484375,9110.7109375,14672.920565366743,0.0
2025-04-10 17:04:57-05:00,6428.9228515625,39.6300010681152,5058.7333984375,256.250946044922,25209.80859375,9151.0634765625,14627.976262331005,0.0
2025-04-10 17:09:57-05:00,6477.79736328125,39.5799980163574,5058.57373046875,343.605072021484,25124.798828125,9091.1796875,14738.931319713598,0.0
2025-04-10 17:14:57-05:00,6500.9384765625,39.5,5058.32763671875,544.285766601562,25047.830078125,9002.0361328125,14714.611696720118,0.0
2025-04-10 17:19:57-05:00,6584.49951171875,56.9973831176758,5057.68359375,462.885986328125,24823.384765625,9085.677734375,15000.617295265201,0.0
2025-04-10 17:24:57-05:00,6646.4423828125,56.7175216674805,5057.5322265625,327.399749755859,24735.6796875,9192.787109375,15260.723643302921,0.0
2025-04-10 17:29:57-05:00,6714.41259765625,57.0835456848145,5059.97509765625,206.292144775391,24495.115234375,9224.654296875,15667.827919006351,0.0
2025-04-10 17:34:57-05:00,6782.76171875,56.7517242431641,5059.521484375,101.886863708496,24265.103515625,9441.1416015625,15758.808424472807,0.0
2025-04-10 17:39:57-05:00,6865.11767578125,57.5692863464355,5057.712890625,122.648658752441,24082.330078125,9492.4208984375,15677.968292236326,0.0
2025-04-10 17:44:57-05:00,6970.19384765625,57.2033348083496,5056.3388671875,194.104232788086,23730.14453125,9549.498046875,15818.594402313232,0.0
2025-04-10 17:49:57-05:00,7038.3544921875,58.5129547119141,5057.759765625,125.448989868164,23271.14453125,9735.166015625,16117.27355003357,0.0
2025-04-10 17:54:57-05:00,7095.59521484375,112.54606628418,5059.13671875,102.487464904785,22822.244140625,9878.8876953125,16554.294151306152,0.0
2025-04-10 17:59:57-05:00,7180.44091796875,146.329986572266,5057.4755859375,137.414291381836,22294.69140625,9819.1494140625,16788.71718597412,0.0
2025-04-10 18:04:57-05:00,7186.1669921875,174.635040283203,5057.24169921875,185.781021118164,21615.15234375,9867.6015625,17096.916010856636,0.0
2025-04-10 18:09:57-05:00,7156.29931640625,173.628051757813,5058.984375,298.635498046875,20891.05078125,9958.8564453125,17266.852060318,0.0
2025-04-10 18:14:57-05:00,7194.666015625,175.411026000977,5057.95654296875,429.154388427734,20056.671875,10012.482421875,17705.46842765808,0.0
2025-04-10 18:19:57-05:00,7253.95068359375,174.882354736328,5058.208984375,409.377227783203,19145.8125,10085.7099609375,18371.568975448616,0.0
2025-04-10 18:24:57-05:00,7299.423828125,174.529998779297,5056.01708984375,639.639587402344,18041.30078125,10115.33203125,19045.678439140316,0.0
2025-04-10 18:29:57-05:00,7318.07177734375,175.526214599609,5057.0341796875,889.392761230469,16867.509765625,10167.9208984375,19813.405101776123,0.0
2025-04-10 18:34:57-05:00,7283.11328125,175.831253051758,5055.6201171875,1305.3095703125,15702.494140625,10173.921875,20588.36465930938,0.0
2025-04-10 18:39:57-05:00,7300.64794921875,174.516937255859,5057.35986328125,1234.22570800781,14492.3486328125,10109.1806640625,21621.316034317028,0.0
2025-04-10 18:44:57-05:00,7350.2119140625,173.355667114258,5056.69921875,1657.12561035156,13211.1328125,10033.0,22227.466025352474,0.0
2025-04-10 18:49:57-05:00,7432.75830078125,174.564636230469,5059.29541015625,1973.26159667969,11877.6962890625,10101.1748046875,22908.387922286984,0.0
2025-04-10 18:54:57-05:00,7491.25439453125,174.40185546875,5056.44677734375,2078.47485351563,10561.251953125,9971.6806640625,23732.137353897084,0.0
2025-04-10 18:59:57-05:00,7554.82373046875,173.892868041992,5059.7958984375,2334.40209960938,9303.6982421875,10139.8837890625,24186.52170944215,0.0
2025-04-10 19:04:57-05:00,7566.59326171875,183.100662231445,5057.88720703125,3148.64721679687,8108.65869140625,10211.1259765625,24435.440076828,0.0
2025-04-10 19:09:57-05:00,7573.6513671875,182.785095214844,5057.564453125,3799.44750976562,6840.25,10179.828125,24712.81004333496,0.0
2025-04-10 19:14:57-05:00,7564.86767578125,182.165344238281,5058.33544921875,4464.0009765625,5602.267578125,10137.0673828125,24772.01013755798,0.0
2025-04-10 19:19:57-05:00,7577.1337890625,182.26335144043,5057.68017578125,5014.482421875,4557.07666015625,10240.9736328125,24791.72546005248,0.0
2025-04-10 19:24:57-05:00,7643.7734375,183.609985351563,5057.0576171875,5369.16650390625,3552.37475585937,10476.68359375,25059.51389312745,0.0
2025-04-10 19:29:57-05:00,7735.27685546875,183.952117919922,5057.958984375,5763.158203125,2714.27001953125,10465.568359375,24838.660158157345,0.0
2025-04-10 19:34:57-05:00,7804.25048828125,181.285400390625,5056.97900390625,5970.44091796875,2023.70532226563,10467.2080078125,24981.774927139286,0.0
2025-04-10 19:39:57-05:00,7845.38916015625,180.308563232422,5057.59765625,5351.57373046875,1428.99230957031,10441.5576171875,25261.63011169434,0.0
2025-04-10 19:44:57-05:00,7997.9228515625,181.429473876953,5058.548828125,4768.0869140625,969.368347167969,10915.4443359375,25662.15863418579,0.0
2025-04-10 19:49:57-05:00,8115.20703125,184.987014770508,5057.54638671875,4467.2919921875,627.49462890625,11241.923828125,25798.038421630863,0.0
2025-04-10 19:54:57-05:00,8124.271484375,182.613220214844,5057.88232421875,4384.33349609375,405.719146728516,11493.8583984375,25898.302043914806,0.0
2025-04-10 19:59:57-05:00,8149.9794921875,184.578231811523,5057.27001953125,3899.03588867188,258.004669189453,11920.521484375,26085.791103363048,0.0
2025-04-10 20:04:57-05:00,8102.33154296875,182.260543823242,5058.84130859375,3477.56103515625,155.470108032227,12211.404296875,26148.967433929447,0.0
2025-04-10 20:09:57-05:00,8075.349609375,184.171829223633,5058.6904296875,3257.40185546875,99.6819229125977,12613.0849609375,26071.652217865,0.0
2025-04-10 20:14:57-05:00,8048.49560546875,184.082778930664,5056.57666015625,3212.79296875,72.3209762573242,12836.76953125,25978.522796630863,0.0
2025-04-10 20:19:57-05:00,7998.5966796875,182.365875244141,5059.7646484375,3091.63696289062,68.8915252685547,13219.9833984375,25948.423255920417,0.0
2025-04-10 20:24:57-05:00,7985.81787109375,184.574478149414,5059.44482421875,2954.94946289062,68.7972564697266,13541.5732421875,25938.827388763417,0.0
2025-04-10 20:29:57-05:00,7979.80224609375,183.59912109375,5059.02001953125,2867.7119140625,68.7918930053711,13867.7783203125,25879.06204223633,0.0
2025-04-10 20:34:57-05:00,7992.0849609375,182.845489501953,5058.40673828125,2710.701171875,68.7957611083984,14180.107421875,25705.066043853763,0.0
2025-04-10 20:39:57-05:00,8009.6669921875,182.23291015625,5057.0986328125,2413.77685546875,68.793815612793,14622.203125,25611.14030456544,0.0
2025-04-10 20:44:57-05:00,7998.80615234375,182.710372924805,5056.6240234375,2066.7373046875,68.7918930053711,15049.998046875,25551.631565093998,0.0
2025-04-10 20:49:57-05:00,8004.10888671875,182.645462036133,5056.8984375,1546.35229492188,68.7951736450195,15502.26171875,25452.86772918701,0.0
2025-04-10 20:54:57-05:00,8010.60498046875,183.646484375,5059.9765625,1242.74035644531,68.7926177978516,15879.142578125,25354.436309814453,0.0
2025-04-10 20:59:57-05:00,8006.9990234375,73.8946990966797,5057.970703125,1157.6279296875,68.7930526733398,16255.3173828125,25046.224151611335,0.0
2025-04-10 21:04:57-05:00,8077.15185546875,28.3490772247314,5057.3623046875,590.599670410156,68.7938842773438,16487.447265625,25041.018295288086,0.0
2025-04-10 21:09:57-05:00,8086.6201171875,25.9154319763184,5058.51904296875,635.797485351562,68.7918930053711,16886.982421875,24773.15583801269,0.0
2025-04-10 21:14:57-05:00,8154.91162109375,26.4079303741455,5058.00537109375,439.876007080078,68.7842330932617,17364.314453125,24311.10165596009,0.0
2025-04-10 21:19:57-05:00,8197.330078125,26.1869468688965,5056.36279296875,401.521820068359,68.7842330932617,17529.56640625,23983.86049461365,0.0
2025-04-10 21:24:57-05:00,8247.2197265625,26.0835208892822,5060.05615234375,375.635162353516,68.7912902832031,17726.466796875,23712.24676036835,0.0
2025-04-10 21:29:57-05:00,8263.689453125,18.0897769927979,5059.2578125,352.996398925781,68.7842330932617,17983.58984375,23416.443966865536,0.0
2025-04-10 21:34:57-05:00,8285.4560546875,18.0444030761719,5060.9765625,416.045989990234,68.7842330932617,18172.041015625,23129.9866218567,0.0
2025-04-10 21:39:57-05:00,8268.8203125,0.0,5058.90283203125,390.551452636719,68.7842330932617,18325.095703125,22906.672924041744,0.0
2025-04-10 21:44:57-05:00,8274.326171875,0.0,5059.08935546875,338.230438232422,0.112815700471401,18451.58984375,22527.33213043212,0.0
2025-04-10 21:49:57-05:00,8226.513671875,0.0,5058.11181640625,437.855072021484,0.121077790856361,18557.52734375,22253.183525085464,0.0
2025-04-10 21:54:57-05:00,8235.005859375,0.0,5057.8359375,448.545837402344,0.120158620178699,18718.63671875,21933.56432914734,0.0
2025-04-10 21:59:57-05:00,8224.4609375,0.0,5057.31787109375,396.90234375,0.120158620178699,18774.064453125,21515.835927963264,0.0
2025-04-10 22:04:57-05:00,8223.806640625,0.0,5056.78369140625,375.238647460937,0.137390047311783,18896.416015625,20966.673353195194,0.0
2025-04-10 22:09:57-05:00,8324.0771484375,0.0,5057.416015625,723.946838378906,0.138460963964462,18815.91015625,20527.893177032474,0.0
2025-04-10 22:14:57-05:00,8355.748046875,0.0,5059.4169921875,486.724975585938,0.133521988987923,18804.501953125,20356.707227706902,0.0
2025-04-10 22:19:57-05:00,8387.50390625,0.0,5058.2021484375,376.404083251953,0.134083762764931,18899.896484375,20123.046651840214,0.0
2025-04-10 22:24:57-05:00,8448.4716796875,0.0,5058.36865234375,483.139465332031,0.142865568399429,18967.3046875,19790.17554283143,0.0
2025-04-10 22:29:57-05:00,8493.7705078125,0.0,5057.6533203125,417.251556396484,0.13834385573864,19003.263671875,19641.275260925297,0.0
2025-04-10 22:34:57-05:00,8503.64453125,0.0,5058.08544921875,286.563690185547,0.138558015227318,18963.791015625,19413.820224761974,0.0
2025-04-10 22:39:57-05:00,8487.75,0.0,5056.85595703125,335.007904052734,0.1503876298666,18913.482421875,19282.66923904419,0.0
2025-04-10 22:44:57-05:00,8511.3310546875,0.0,5058.00146484375,188.626892089844,0.242205411195755,18928.759765625,19067.499916076664,0.0
2025-04-10 22:49:57-05:00,8488.138671875,0.0,5058.37548828125,47.3229331970215,0.256351679563522,18857.876953125,18868.44157409668,0.0
2025-04-10 22:54:57-05:00,8469.20703125,0.0,5056.3173828125,32.5774192810059,0.255440533161163,18692.53515625,18551.691780090336,0.0
2025-04-10 22:59:57-05:00,8403.0009765625,0.0,5058.78125,29.4685745239258,0.257476180791855,18528.65234375,18201.33778762818,0.0
2025-04-10 23:04:57-05:00,8337.400390625,0.0,5059.89697265625,70.3283920288086,0.251915246248245,18397.783203125,17822.269072532654,0.0
2025-04-10 23:09:57-05:00,8317.8173828125,0.0,5058.81689453125,63.9726638793945,0.246887341141701,18273.0625,17538.099178314213,0.0
2025-04-10 23:14:57-05:00,8317.412109375,0.0,5057.50341796875,79.0585784912109,0.251210570335388,18195.095703125,17289.599042892456,0.0
2025-04-10 23:19:57-05:00,8335.4599609375,0.0,5058.158203125,52.5915908813477,0.249002069234848,18004.341796875,17079.97136116028,0.0
2025-04-10 23:24:57-05:00,8347.7060546875,0.0,5058.61376953125,15.0479278564453,0.251960903406143,17862.8828125,16987.071250915535,0.0
2025-04-10 23:29:57-05:00,8337.208984375,0.0,5060.25439453125,159.984024047852,0.253410220146179,17623.4921875,16966.14971208572,0.0
2025-04-10 23:34:57-05:00,8365.283203125,0.0,5057.953125,131.277236938477,0.252868115901947,17367.296875,16979.23101997376,0.0
2025-04-10 23:39:57-05:00,8376.7978515625,0.0,5058.556640625,33.1897087097168,0.386157244443893,17131.095703125,16882.979030132286,0.0
2025-04-10 23:44:57-05:00,8350.673828125,0.0,5059.474609375,24.5863876342773,0.263973265886307,17033.6796875,16797.404159545902,0.0
2025-04-10 23:49:57-05:00,8311.5185546875,0.0,5056.03759765625,285.778137207031,0.242532044649124,16740.255859375,16698.136222839352,0.0
2025-04-10 23:54:57-05:00,8304.380859375,0.0,5060.5556640625,199.044052124023,0.509532630443573,16513.501953125,16783.341857910156,0.0
2025-04-10 23:59:57-05:00,8391.4150390625,0.0,5058.294921875,65.083366394043,0.161780282855034,16308.677734375,16733.642700195323,0.0
